"K J Flanagan & Co. Ltd.",,,,,,,Date : 08 MAR 2022,10:08:11
,,,,C U T T E R S,,DAILY TOTALS,Page : 1    
"User",Date,Hour,Time,Roll No.,Orig_Roll,Trandesc,Product Description,Quantity,Total,Cuts,Remeasures,Supplier,Cus. Ref.,Customer_Name
"DB",02/03/22,09,09:46:40,,238407,Remeasure,ARTEMIS TORONTO 505 2M,0.00,1,0,1,IVC201,,
"DB",02/03/22,14,14:37:40,,245354,Remeasure,MIDTOWN LUXURY 5275 4M A/B,,1,0,1,CON801,,
,,,,,,,,,--------,--------,--------
"DB",02/03/22,,,,,,,,2,0,2
"DB",07/03/22,09,09:15:20,,245006,Remeasure,ORION PATIO 960D 2M,0.00,1,0,1,BIG201,,
,,,,,,,,,--------,--------,--------
"DB",07/03/22,,,,,,,,1,0,1
,,,,,,,,,--------,--------,--------
"DB", ,,,,,,,,3,0,3
"DT",01/03/22,08,08:02:00,247181.1,247181,Cut Bench Program,ORION OAK CHEVRON 009S 3M,4.70,1,1,0,BIG201,,
"DT",01/03/22,08,08:05:20,249395.3,249395,Cut Bench Program,SOFT NOBLE FELT 700 BRUSHED COTTON 4M,4.20,1,1,0,BAL601,TM100,T M FLOORING
"DT",01/03/22,08,08:07:56,246568.5,246568,Cut Bench Program,ARTEMIS ALASKA 581 3M,3.18,1,1,0,IVC201,,
"DT",01/03/22,08,08:10:32,246869.2,246869,Cut Bench Program,MIDTOWN LUXURY 5275 4M A/B,2.34,1,1,0,CON801,,
"DT",01/03/22,08,08:12:55,247554.1,247554,Cut Bench Program,SOFT SPLENDID 92 5M FELT,4.40,1,1,0,BAL601,PR101,Prestige Flooring
"DT",01/03/22,08,08:12:55,246895.2,246895,Cut Bench Program,MIDTOWN ELITE 72 4M A/B,4.95,1,1,0,CON801,,
"DT",01/03/22,08,08:16:07,248565.1,248565,Cut Bench Program,UTOPIA 91 GRANOLA 4M A/B,4.65,1,1,0,CON801,FL190,Flanagan Flooring Ireland
"DT",01/03/22,08,08:19:44,248318.2,248318,Cut Bench Program,VINTAGE OAK COLL LIME OAK 609M 4M,2.85,1,1,0,BIG201,FL190,Flanagan Flooring Ireland
"DT",01/03/22,08,08:22:36,244097.5,244097,Cut Bench Program,VINTAGE OAK COLL LIME OAK 609M 3M,5.10,1,1,0,BIG201,FL190,Flanagan Flooring Ireland
"DT",01/03/22,08,08:24:47,,244097,Remeasure,VINTAGE OAK COLL LIME OAK 609M 3M,0.00,1,0,1,BIG201,,
"DT",01/03/22,08,08:27:05,242937.10,242937,Cut Bench Program,VINTAGE OAK COLL COVENTRY 797M 2M,1.45,1,1,0,BIG201,FL190,Flanagan Flooring Ireland
"DT",01/03/22,08,08:28:04,,242937,Remeasure,VINTAGE OAK COLL COVENTRY 797M 2M,0.00,1,0,1,BIG201,,
"DT",01/03/22,08,08:30:35,247674.2,247674,Cut Bench Program,CAPRI CAMEO 1300 4M,2.13,1,1,0,JUT101,FL190,Flanagan Flooring Ireland
"DT",01/03/22,08,08:34:04,248923.2,248923,Cut Bench Program,PARADISE 71 4M A/B,2.25,1,1,0,BET101,FL190,Flanagan Flooring Ireland
"DT",01/03/22,08,08:37:02,249108.3,249108,Cut Bench Program,FAIRMONT 74 4M A/B,0.65,1,1,0,CON801,,
"DT",01/03/22,08,08:38:05,249108.4,249108,Cut Bench Program,FAIRMONT 74 4M A/B,5.50,1,1,0,CON801,FL190,Flanagan Flooring Ireland
"DT",01/03/22,08,08:38:54,249108.5,249108,Cut Bench Program,FAIRMONT 74 4M A/B,0.80,1,1,0,CON801,SA999,SAMPLING
"DT",01/03/22,08,08:43:32,248221.7,248221,Cut Bench Program,FAIRMONT 76 4M A/B,0.65,1,1,0,CON801,,
"DT",01/03/22,08,08:43:37,248221.8,248221,Cut Bench Program,FAIRMONT 76 4M A/B,3.20,1,1,0,CON801,FL190,Flanagan Flooring Ireland
"DT",01/03/22,08,08:46:06,247471.4,247471,Cut Bench Program,FLORIDA KEYS 77 SILVER 5M FELT,2.29,1,1,0,CON801,FL190,Flanagan Flooring Ireland
"DT",01/03/22,08,08:46:37,247246.5,247246,Cut Bench Program,SUPERIOR TWIST 92 4M A/B,0.65,1,1,0,CON801,,
"DT",01/03/22,08,08:47:27,247246.6,247246,Cut Bench Program,SUPERIOR TWIST 92 4M A/B,4.00,1,1,0,CON801,FL190,Flanagan Flooring Ireland
"DT",01/03/22,08,08:50:13,246067.6,246067,Cut Bench Program,PARADISE 75 4M A/B,4.15,1,1,0,BET101,FL190,Flanagan Flooring Ireland
"DT",01/03/22,08,08:56:33,249107.1,249107,Cut Bench Program,FAIRMONT 74 4M A/B,4.45,1,1,0,CON801,FL190,Flanagan Flooring Ireland
"DT",01/03/22,08,08:58:31,249107.2,249107,Cut Bench Program,FAIRMONT 74 4M A/B,,1,1,0,CON801,FL190,Flanagan Flooring Ireland
"DT",01/03/22,08,08:59:21,249107.3,249107,Cut Bench Program,FAIRMONT 74 4M A/B,3.20,1,1,0,CON801,FL190,Flanagan Flooring Ireland
"DT",01/03/22,09,09:03:43,249494.1,249494,Cut Bench Program,FLORIDA KEYS 73 BEIGE 4M FELT,4.80,1,1,0,CON801,FL190,Flanagan Flooring Ireland
"DT",01/03/22,09,09:05:10,249494.2,249494,Cut Bench Program,FLORIDA KEYS 73 BEIGE 4M FELT,,1,1,0,CON801,FL190,Flanagan Flooring Ireland
"DT",01/03/22,09,09:07:33,249494.3,249494,Cut Bench Program,FLORIDA KEYS 73 BEIGE 4M FELT,,1,1,0,CON801,FL190,Flanagan Flooring Ireland
"DT",01/03/22,09,09:11:31,249494.4,249494,Cut Bench Program,FLORIDA KEYS 73 BEIGE 4M FELT,,1,1,0,CON801,FL190,Flanagan Flooring Ireland
"DT",01/03/22,09,09:13:15,249494.5,249494,Cut Bench Program,FLORIDA KEYS 73 BEIGE 4M FELT,3.51,1,1,0,CON801,FL190,Flanagan Flooring Ireland
"DT",01/03/22,09,09:13:58,249494.6,249494,Cut Bench Program,FLORIDA KEYS 73 BEIGE 4M FELT,,1,1,0,CON801,FL190,Flanagan Flooring Ireland
"DT",01/03/22,09,09:19:27,249479.1,249479,Cut Bench Program,FLORIDA KEYS 73 BEIGE 4M FELT,4.50,1,1,0,CON801,FL190,Flanagan Flooring Ireland
"DT",01/03/22,09,09:20:24,248245.4,248245,Cut Bench Program,FAIRMONT 77 5M A/B,5.94,1,1,0,CON801,TE100,Teds Carpets & Furniture
"DT",01/03/22,09,09:20:30,249479.2,249479,Cut Bench Program,FLORIDA KEYS 73 BEIGE 4M FELT,2.44,1,1,0,CON801,FL190,Flanagan Flooring Ireland
"DT",01/03/22,09,09:21:46,249479.3,249479,Cut Bench Program,FLORIDA KEYS 73 BEIGE 4M FELT,,1,1,0,CON801,FL190,Flanagan Flooring Ireland
"DT",01/03/22,09,09:23:23,249479.4,249479,Cut Bench Program,FLORIDA KEYS 73 BEIGE 4M FELT,,1,1,0,CON801,FL190,Flanagan Flooring Ireland
"DT",01/03/22,09,09:24:12,249479.5,249479,Cut Bench Program,FLORIDA KEYS 73 BEIGE 4M FELT,,1,1,0,CON801,FL190,Flanagan Flooring Ireland
"DT",01/03/22,09,09:26:44,249479.6,249479,Cut Bench Program,FLORIDA KEYS 73 BEIGE 4M FELT,,1,1,0,CON801,FL190,Flanagan Flooring Ireland
"DT",01/03/22,09,09:29:44,248574.4,248574,Cut Bench Program,NEW ORKNEY HEATHERS A/B 73 4M,7.01,1,1,0,CON801,CE100,Central Carpets (NI) Ltd
"DT",01/03/22,09,09:33:09,247651.4,247651,Cut Bench Program,IONA HEATHERS 76 4M A/B,3.40,1,1,0,BET101,TE100,Teds Carpets & Furniture
"DT",01/03/22,09,09:35:35,248563.2,248563,Cut Bench Program,FAIRMONT 77 4M A/B,0.65,1,1,0,CON801,,
"DT",01/03/22,09,09:37:04,248563.3,248563,Cut Bench Program,FAIRMONT 77 4M A/B,1.83,1,1,0,CON801,TE100,Teds Carpets & Furniture
"DT",01/03/22,09,09:39:18,246868.2,246868,Cut Bench Program,HARRIS HEATHERS 90 4M A/B,2.67,1,1,0,CON801,LY100,J A Lyttle
"DT",01/03/22,09,09:42:22,248852.3,248852,Cut Bench Program,EAGLE 940 CLOUD BURST 4M FELT,4.88,1,1,0,BAL601,FL190,Flanagan Flooring Ireland
"DT",01/03/22,09,09:45:54,247704.2,247704,Cut Bench Program,ROCKEFELLER WASHED OAK 979E 3M,8.23,1,1,0,JUT101,FL190,Flanagan Flooring Ireland
"DT",01/03/22,09,09:47:53,248245.5,248245,Cut Bench Program,FAIRMONT 77 5M A/B,6.20,1,1,0,CON801,TE100,Teds Carpets & Furniture
"DT",01/03/22,09,09:49:14,,247704,Remeasure,ROCKEFELLER WASHED OAK 979E 3M,0.00,1,0,1,JUT101,,
"DT",01/03/22,09,09:52:17,245327.6,245327,Cut Bench Program,AVIEMORE TWIST 22 CLARET 4M A/B,3.20,1,1,0,CON801,FL190,Flanagan Flooring Ireland
"DT",01/03/22,10,10:16:30,247581.5,247581,Cut Bench Program,CLASSIC CHARM HEATHERS 960 4M A/B,2.74,1,1,0,BAL601,MC205,MCGALE FURNITURE & FLOORING
"DT",01/03/22,10,10:17:57,,247581,Remeasure,CLASSIC CHARM HEATHERS 960 4M A/B,0.00,1,0,1,BAL601,,
"DT",01/03/22,10,10:21:02,247361.2,247361,Cut Bench Program,ARTEMIS TAVEL 571 3M,5.40,1,1,0,IVC201,JY100,YOUNGS CARPETS LTD
"DT",01/03/22,10,10:24:01,246891.2,246891,Cut Bench Program,MIDTOWN LUXURY 5375 4M A/B,0.65,1,1,0,CON801,SA999,SAMPLING
"DT",01/03/22,10,10:24:59,246891.3,246891,Cut Bench Program,MIDTOWN LUXURY 5375 4M A/B,3.66,1,1,0,CON801,FL190,Flanagan Flooring Ireland
"DT",01/03/22,10,10:28:29,247889.2,247889,Cut Bench Program,JURA HEATHERS F/B 90 5M,8.30,1,1,0,CON801,FL190,Flanagan Flooring Ireland
"DT",01/03/22,10,10:29:31,246591.2,246591,Cut Bench Program,POWERTEX CALAIS 596 4M,13.00,1,1,0,IVC201,FL190,Flanagan Flooring Ireland
"DT",01/03/22,10,10:39:00,249378.3,249378,Cut Bench Program,SOFT SPLENDID 68 4M FELT,3.66,1,1,0,BAL601,FL190,Flanagan Flooring Ireland
"DT",01/03/22,10,10:41:43,249502.2,249502,Cut Bench Program,HARRIS HEATHERS 74 4M A/B,4.00,1,1,0,CON801,FL190,Flanagan Flooring Ireland
"DT",01/03/22,10,10:44:40,238537.3,238537,Cut Bench Program,UTOPIA 75 SMOKE 5M A/B,6.80,1,1,0,CON801,FL180,Flanagan Flooring Distributors (Scotland
"DT",01/03/22,10,10:45:39,245709.2,245709,Cut Bench Program,ORION HOLLY OAK 001S 4M,4.19,1,1,0,BIG201,CH120,Chatsworth Carpets Flooring Ltd
"DT",01/03/22,10,10:48:39,249404.2,249404,Cut Bench Program,AIM HIGH 925 LAVA 4M FELT,4.27,1,1,0,BAL601,FL190,Flanagan Flooring Ireland
"DT",01/03/22,10,10:52:43,248074.5,248074,Cut Bench Program,SOFT NOBLE FELT 900 GREY MARE 4M,1.53,1,1,0,BAL601,FL190,Flanagan Flooring Ireland
"DT",01/03/22,10,10:55:33,,248074,Remeasure,SOFT NOBLE FELT 900 GREY MARE 4M,0.00,1,0,1,BAL601,,
"DT",01/03/22,10,10:57:47,249633.1,249633,Cut Bench Program,VINTAGE OAK COLL LIME OAK 621L 4M,6.71,1,1,0,FLA101,FL190,Flanagan Flooring Ireland
"DT",01/03/22,10,10:59:05,249633.2,249633,Cut Bench Program,VINTAGE OAK COLL LIME OAK 621L 4M,,1,1,0,FLA101,FL190,Flanagan Flooring Ireland
"DT",01/03/22,11,11:00:10,249633.3,249633,Cut Bench Program,VINTAGE OAK COLL LIME OAK 621L 4M,,1,1,0,FLA101,FL190,Flanagan Flooring Ireland
"DT",01/03/22,11,11:02:41,249633.4,249633,Cut Bench Program,VINTAGE OAK COLL LIME OAK 621L 4M,,1,1,0,FLA101,FL190,Flanagan Flooring Ireland
"DT",01/03/22,11,11:10:02,247589.5,247589,Cut Bench Program,EMPEROR 77 SLATE 4M FELT,4.10,1,1,0,BET101,PH150,PHILLIPS HEATING & STOVES LTD
"DT",01/03/22,11,11:11:19,,247589,Remeasure,EMPEROR 77 SLATE 4M FELT,0.00,1,0,1,BET101,,
"DT",01/03/22,11,11:14:56,246834.3,246834,Cut Bench Program,RUSTIC COLL ELBURG 779M 4M,1.90,1,1,0,FLA101,FL190,Flanagan Flooring Ireland
"DT",01/03/22,11,11:16:14,,246834,Remeasure,RUSTIC COLL ELBURG 779M 4M,0.00,1,0,1,FLA101,,
"DT",01/03/22,11,11:18:02,247454.7,247454,Cut Bench Program,HERMES BELLAGGIO 591 2M,2.00,1,1,0,IVC201,FL190,Flanagan Flooring Ireland
"DT",01/03/22,11,11:21:39,248807.5,248807,Cut Bench Program,SOFT SPLENDID 76 4M FELT,2.29,1,1,0,BAL601,FL190,Flanagan Flooring Ireland
"DT",01/03/22,11,11:25:13,248249.2,248249,Cut Bench Program,HAMPTON COURT STRIPE 575 4M A/B,0.65,1,1,0,CON801,,
"DT",01/03/22,11,11:26:50,248249.3,248249,Cut Bench Program,HAMPTON COURT STRIPE 575 4M A/B,6.70,1,1,0,CON801,PH150,PHILLIPS HEATING & STOVES LTD
"DT",01/03/22,11,11:26:53,249510.1,249510,Cut Bench Program,FAIRMONT 291 5M A/B,5.87,1,1,0,CON801,FL190,Flanagan Flooring Ireland
"DT",01/03/22,11,11:28:47,239429.4,239429,Cut Bench Program,EMPEROR 71 GREY 4M FELT,7.00,1,1,0,BET101,PH150,PHILLIPS HEATING & STOVES LTD
"DT",01/03/22,11,11:32:26,235328.5,235328,Cut Bench Program,POWERTEX CALAIS 596 3M,3.30,1,1,0,IVC201,FL190,Flanagan Flooring Ireland
"DT",01/03/22,11,11:35:07,,235328,Remeasure,POWERTEX CALAIS 596 3M,0.00,1,0,1,IVC201,,
"DT",01/03/22,11,11:39:21,249008.3,249008,Cut Bench Program,INFINITY GRASS AURELIE 5013 30MM 4M,1.00,1,1,0,CLA201,KE126,Keys Mcmahon (Omagh)
"DT",01/03/22,11,11:42:17,235271.1,235271,Cut Bench Program,OBSESSION SILK 224 SOFT TAUPE 4M A/B,5.79,1,1,0,MWE101,LY100,J A Lyttle
"DT",01/03/22,11,11:45:16,240601.1,240601,Cut Bench Program,HERMES VIDIMUS 597 2M,1.10,1,1,0,IVC201,PR101,Prestige Flooring
"DT",01/03/22,11,11:49:13,249392.1,249392,Cut Bench Program,NOBLE HEATHERS 995 PIRATE BLACK 4M FELT,5.30,1,1,0,BAL601,PH150,PHILLIPS HEATING & STOVES LTD
"DT",01/03/22,11,11:52:08,247735.1,247735,Cut Bench Program,ROCKEFELLER DEVON 970M 4M,1.83,1,1,0,JUT101,FL190,Flanagan Flooring Ireland
"DT",01/03/22,11,11:55:27,246894.1,246894,Cut Bench Program,JURA HEATHERS F/B 240 4M,3.05,1,1,0,CON801,CA105,Lynchs Flooring
"DT",01/03/22,11,11:56:56,246894.2,246894,Cut Bench Program,JURA HEATHERS F/B 240 4M,3.35,1,1,0,CON801,CA105,Lynchs Flooring
"DT",01/03/22,11,11:59:59,247962.4,247962,Cut Bench Program,ROCKEFELLER TRENTINO 994D 4M,3.66,1,1,0,JUT101,FL190,Flanagan Flooring Ireland
"DT",01/03/22,12,12:02:13,,247962,Remeasure,ROCKEFELLER TRENTINO 994D 4M,0.00,1,0,1,JUT101,,
"DT",01/03/22,12,12:04:06,248506.3,248506,Cut Bench Program,SOFT NOBLE FELT 950 SILVER CLOUD 4M,3.73,1,1,0,BAL601,FL190,Flanagan Flooring Ireland
"DT",01/03/22,12,12:05:20,248506.4,248506,Cut Bench Program,SOFT NOBLE FELT 950 SILVER CLOUD 4M,2.51,1,1,0,BAL601,FL190,Flanagan Flooring Ireland
"DT",01/03/22,12,12:08:06,244677.5,244677,Cut Bench Program,AVIEMORE TWIST 72 NATURAL 4M A/B,6.25,1,1,0,CON801,FL190,Flanagan Flooring Ireland
"DT",01/03/22,12,12:11:10,247661.1,247661,Cut Bench Program,PARADISE 78 4M A/B,3.05,1,1,0,BET101,FL190,Flanagan Flooring Ireland
"DT",01/03/22,12,12:13:07,247661.2,247661,Cut Bench Program,PARADISE 78 4M A/B,3.66,1,1,0,BET101,FL190,Flanagan Flooring Ireland
"DT",01/03/22,12,12:14:30,247661.3,247661,Cut Bench Program,PARADISE 78 4M A/B,3.55,1,1,0,BET101,FL190,Flanagan Flooring Ireland
"DT",01/03/22,12,12:18:06,248805.4,248805,Cut Bench Program,AFFINITY 990 4M FELT,11.00,1,1,0,BAL601,PR101,Prestige Flooring
"DT",01/03/22,12,12:21:28,249395.4,249395,Cut Bench Program,SOFT NOBLE FELT 700 BRUSHED COTTON 4M,3.05,1,1,0,BAL601,FL190,Flanagan Flooring Ireland
"DT",01/03/22,12,12:23:32,,249395,Remeasure,SOFT NOBLE FELT 700 BRUSHED COTTON 4M,0.00,1,0,1,BAL601,,
"DT",01/03/22,12,12:26:19,247837.4,247837,Cut Bench Program,HARRIS HEATHERS 174 4M A/B,3.55,1,1,0,CON801,HO115,Holywood Flooring
"DT",01/03/22,12,12:29:18,247837.5,247837,Cut Bench Program,HARRIS HEATHERS 174 4M A/B,,1,1,0,CON801,HO115,Holywood Flooring
"DT",01/03/22,12,12:31:47,246962.4,246962,Cut Bench Program,NOBLE DREAMS 69 SCROLL BEIGE 4M FELT,5.03,1,1,0,BAL601,RF100,REGENT FLOORING
"DT",01/03/22,12,12:34:46,248310.2,248310,Cut Bench Program,VINTAGE OAK COLL PURE OAK 010L 4M,3.51,1,1,0,BIG201,RF100,REGENT FLOORING
"DT",01/03/22,12,12:38:36,244699.4,244699,Cut Bench Program,OPULENCE 71 BUTTERMILK 4M A/B,4.60,1,1,0,CON801,FA100,Farrells Carpets & Vinyls
"DT",01/03/22,12,12:41:25,248695.10,248695,Cut Bench Program,ARTEMIS EVORA 594 3M,4.34,1,1,0,IVC201,FL190,Flanagan Flooring Ireland
"DT",01/03/22,12,12:43:12,247471.5,247471,Cut Bench Program,FLORIDA KEYS 77 SILVER 5M FELT,2.75,1,1,0,CON801,IN110,Innstyle Furnishings
"DT",01/03/22,12,12:45:13,244909.7,244909,Cut Bench Program,RUSTIC COLL CROUCH OAK 170M 3M,2.20,1,1,0,BIG201,RF100,REGENT FLOORING
"DT",01/03/22,12,12:48:05,,244909,Remeasure,RUSTIC COLL CROUCH OAK 170M 3M,0.00,1,0,1,BIG201,,
"DT",01/03/22,12,12:50:00,249525.2,249525,Cut Bench Program,FAIRMONT 291 4M A/B,0.65,1,1,0,CON801,,
"DT",01/03/22,12,12:50:25,249525.3,249525,Cut Bench Program,FAIRMONT 291 4M A/B,3.20,1,1,0,CON801,FL180,Flanagan Flooring Distributors (Scotland
"DT",01/03/22,12,12:52:54,249525.4,249525,Cut Bench Program,FAIRMONT 291 4M A/B,4.30,1,1,0,CON801,FL180,Flanagan Flooring Distributors (Scotland
"DT",01/03/22,12,12:54:27,249525.5,249525,Cut Bench Program,FAIRMONT 291 4M A/B,2.00,1,1,0,CON801,FL180,Flanagan Flooring Distributors (Scotland
"DT",01/03/22,12,12:56:17,241337.4,241337,Cut Bench Program,HAMPTON COURT 77 5M A/B,3.51,1,1,0,CON801,FL190,Flanagan Flooring Ireland
"DT",01/03/22,13,13:48:44,249525.6,249525,Cut Bench Program,FAIRMONT 291 4M A/B,4.19,1,1,0,CON801,FL190,Flanagan Flooring Ireland
"DT",01/03/22,13,13:51:22,248311.1,248311,Cut Bench Program,VINTAGE OAK COLL LIME OAK 621L 3M,6.80,1,1,0,BIG201,FL190,Flanagan Flooring Ireland
"DT",01/03/22,13,13:53:50,249108.6,249108,Cut Bench Program,FAIRMONT 74 4M A/B,3.05,1,1,0,CON801,CI100,City Flooring Centre
"DT",01/03/22,13,13:56:42,241776.5,241776,Cut Bench Program,VINTAGE OAK COLL HAVANNA OAK 019S 3M,3.12,1,1,0,BIG201,TE100,Teds Carpets & Furniture
"DT",01/03/22,14,14:00:22,,241776,Remeasure,VINTAGE OAK COLL HAVANNA OAK 019S 3M,0.00,1,0,1,BIG201,,
"DT",01/03/22,14,14:02:20,249039.1,249039,Cut Bench Program,INFINITY GRASS SIENNA 5925 39MM 4M,20.00,1,1,0,CLA201,FL190,Flanagan Flooring Ireland
"DT",01/03/22,14,14:08:21,249427.1,249427,Cut Bench Program,SOFT SPLENDID 97 4M FELT,7.00,1,1,0,BAL601,FL190,Flanagan Flooring Ireland
"DT",01/03/22,14,14:08:57,249427.2,249427,Cut Bench Program,SOFT SPLENDID 97 4M FELT,3.00,1,1,0,BAL601,FL190,Flanagan Flooring Ireland
"DT",01/03/22,14,14:11:33,248305.1,248305,Cut Bench Program,VINTAGE OAK COLL LIME OAK 621L 4M,4.88,1,1,0,BIG201,FL190,Flanagan Flooring Ireland
"DT",01/03/22,14,14:12:26,248187.5,248187,Cut Bench Program,NOBLE DREAMS 62 CASUAL ELEGANCE 5M FELT,3.05,1,1,0,BAL601,CA155,Carpet Centre Glendermott Road
"DT",01/03/22,14,14:12:35,248305.2,248305,Cut Bench Program,VINTAGE OAK COLL LIME OAK 621L 4M,4.88,1,1,0,BIG201,FL190,Flanagan Flooring Ireland
"DT",01/03/22,14,14:14:06,248305.3,248305,Cut Bench Program,VINTAGE OAK COLL LIME OAK 621L 4M,3.73,1,1,0,BIG201,FL190,Flanagan Flooring Ireland
"DT",01/03/22,14,14:17:52,248736.7,248736,Cut Bench Program,ARTEMIS ALASKA 581 4M,3.80,1,1,0,IVC201,EX105,M & P QUIGLEY
"DT",01/03/22,14,14:18:56,248736.8,248736,Cut Bench Program,ARTEMIS ALASKA 581 4M,3.20,1,1,0,IVC201,FL190,Flanagan Flooring Ireland
"DT",01/03/22,14,14:21:57,,248736,Remeasure,ARTEMIS ALASKA 581 4M,0.00,1,0,1,IVC201,,
"DT",01/03/22,14,14:23:53,249307.3,249307,Cut Bench Program,ROCKEFELLER POLPERRO 190L 3M,4.27,1,1,0,JUT101,FL190,Flanagan Flooring Ireland
"DT",01/03/22,14,14:27:46,,249307,Remeasure,ROCKEFELLER POLPERRO 190L 3M,0.00,1,0,1,JUT101,,
"DT",01/03/22,14,14:29:29,248395.6,248395,Cut Bench Program,ORION MIDAS 139L 4M,4.50,1,1,0,BIG201,FL190,Flanagan Flooring Ireland
"DT",01/03/22,14,14:34:01,239224.3,239224,Cut Bench Program,GATSBY YORVIK 940M 2M,2.13,1,1,0,JUT101,MC205,MCGALE FURNITURE & FLOORING
"DT",01/03/22,14,14:37:26,249484.1,249484,Cut Bench Program,FLORIDA KEYS 182 DELFT 4M FELT,14.00,1,1,0,CON801,DP101,Depot Cash sales
"DT",01/03/22,14,14:41:38,247755.2,247755,Cut Bench Program,GATSBY PRISM 994D 3M,6.10,1,1,0,JUT101,DP101,Depot Cash sales
"DT",01/03/22,14,14:54:07,246950.1,246950,Cut Bench Program,CLASSIC CHARM 720 4M A/B,5.25,1,1,0,BAL601,FL190,Flanagan Flooring Ireland
"DT",01/03/22,16,16:04:46,249241.6,249241,Cut Bench Program,ARTEMIS SORBONNE 591 2M,4.11,1,1,0,IVC201,FL190,Flanagan Flooring Ireland
"DT",01/03/22,16,16:20:29,243595.3,243595,Cut Bench Program,SUPERIOR TWIST 82 4M A/B,2.44,1,1,0,CON801,FL190,Flanagan Flooring Ireland
"DT",01/03/22,16,16:21:35,243595.4,243595,Cut Bench Program,SUPERIOR TWIST 82 4M A/B,0.65,1,1,0,CON801,,
,,,,,,,,,--------,--------,--------
"DT",01/03/22,,,,,,,,136,122,14
"DT",02/03/22,08,08:05:36,248358.5,248358,Cut Bench Program,ORION MIDAS 139L 2M,5.03,1,1,0,BIG201,FL190,Flanagan Flooring Ireland
"DT",02/03/22,08,08:09:59,248758.3,248758,Cut Bench Program,ARTEMIS ALASKA 536 4M,7.32,1,1,0,IVC201,FL190,Flanagan Flooring Ireland
"DT",02/03/22,08,08:13:19,245709.3,245709,Cut Bench Program,ORION HOLLY OAK 001S 4M,4.19,1,1,0,BIG201,CH120,Chatsworth Carpets Flooring Ltd
"DT",02/03/22,08,08:16:23,248946.4,248946,Cut Bench Program,POWERTEX NAVARA 581 4M,1.68,1,1,0,FLA101,CH120,Chatsworth Carpets Flooring Ltd
"DT",02/03/22,08,08:18:48,,248946,Remeasure,POWERTEX NAVARA 581 4M,0.00,1,0,1,FLA101,,
"DT",02/03/22,08,08:26:40,245544.2,245544,Cut Bench Program,ARTEMIS TASMANIA 533 4M,2.97,1,1,0,IVC201,CH120,Chatsworth Carpets Flooring Ltd
"DT",02/03/22,08,08:29:54,,245544,Remeasure,ARTEMIS TASMANIA 533 4M,0.00,1,0,1,IVC201,,
"DT",02/03/22,08,08:33:00,247867.1,247867,Cut Bench Program,UTOPIA 71 COIN 4M A/B,5.20,1,1,0,CON801,FL190,Flanagan Flooring Ireland
"DT",02/03/22,08,08:35:23,247867.2,247867,Cut Bench Program,UTOPIA 71 COIN 4M A/B,2.75,1,1,0,CON801,FL190,Flanagan Flooring Ireland
"DT",02/03/22,08,08:38:43,247867.3,247867,Cut Bench Program,UTOPIA 71 COIN 4M A/B,2.45,1,1,0,CON801,FL190,Flanagan Flooring Ireland
"DT",02/03/22,08,08:43:26,244699.5,244699,Cut Bench Program,OPULENCE 71 BUTTERMILK 4M A/B,4.95,1,1,0,CON801,FL190,Flanagan Flooring Ireland
"DT",02/03/22,08,08:45:49,244699.6,244699,Cut Bench Program,OPULENCE 71 BUTTERMILK 4M A/B,3.51,1,1,0,CON801,FL190,Flanagan Flooring Ireland
"DT",02/03/22,08,08:49:08,,244699,Remeasure,OPULENCE 71 BUTTERMILK 4M A/B,0.00,1,0,1,CON801,,
"DT",02/03/22,08,08:54:43,248301.5,248301,Cut Bench Program,VINTAGE OAK COLL LIME OAK 621L 3M,3.12,1,1,0,BIG201,FL190,Flanagan Flooring Ireland
"DT",02/03/22,08,08:57:01,,248301,Remeasure,VINTAGE OAK COLL LIME OAK 621L 3M,0.00,1,0,1,BIG201,,
"DT",02/03/22,08,08:57:42,,244762,Remeasure,CAPRI LARA 8409 3M,,1,0,1,JUT101,,
"DT",02/03/22,08,08:58:35,,244762.6,Remeasure,CAPRI LARA 8409 3M,,1,0,1,JUT101,,
"DT",02/03/22,09,09:01:18,240984.3,240984,Cut Bench Program,ISLA TWIST 70 LIGHT GOLD 4M FELT,4.00,1,1,0,BET101,,
"DT",02/03/22,09,09:04:41,243766.6,243766,Cut Bench Program,HERMES VIDIMUS 597 4M,2.36,1,1,0,IVC201,FL180,Flanagan Flooring Distributors (Scotland
"DT",02/03/22,09,09:07:43,248575.5,248575,Cut Bench Program,IMPULSE 91 CHIFFON 4M A/B,6.20,1,1,0,CON801,FL180,Flanagan Flooring Distributors (Scotland
"DT",02/03/22,09,09:10:40,245329.2,245329,Cut Bench Program,ENCHANTED A/B 75 4M,3.70,1,1,0,CON801,FL180,Flanagan Flooring Distributors (Scotland
"DT",02/03/22,09,09:10:52,244762.7,244762,Cut Bench Program,CAPRI LARA 8409 3M,2.00,1,1,0,JUT101,RI110,Right Price Carpets
"DT",02/03/22,09,09:15:29,243991.8,243991,Cut Bench Program,RUSTIC COLL TEXAS OAK 977D 4M,4.65,1,1,0,BIG201,CH105,Choice Carpets Lurgan Ltd
"DT",02/03/22,09,09:18:14,,243991,Remeasure,RUSTIC COLL TEXAS OAK 977D 4M,0.00,1,0,1,BIG201,,
"DT",02/03/22,09,09:22:20,244096.9,244096,Cut Bench Program,VINTAGE OAK COLL COVENTRY 797M 3M,2.29,1,1,0,BIG201,IN130,INFLOOR AT CHATSWORTH
"DT",02/03/22,09,09:24:24,,244096,Remeasure,VINTAGE OAK COLL COVENTRY 797M 3M,0.00,1,0,1,BIG201,,
"DT",02/03/22,09,09:26:54,248165.1,248165,Cut Bench Program,NOBLE DREAMS 95 MONTEREY CLIFFS 4M FELT,6.40,1,1,0,BAL601,MS110,Martin Shortt
"DT",02/03/22,09,09:31:33,247603.4,247603,Cut Bench Program,GRANITE RIB 97 CHOCOLATE 4M GEL,11.30,1,1,0,BET101,MS110,Martin Shortt
"DT",02/03/22,09,09:33:41,249517.1,249517,Cut Bench Program,FLORIDA KEYS 182 DELFT 4M FELT,3.10,1,1,0,CON801,GL105,Glasgows Of Lisburn
"DT",02/03/22,09,09:36:44,248511.3,248511,Cut Bench Program,SOFT SPLENDID 92 4M FELT,2.75,1,1,0,BAL601,RT150,Roslea Tile & Curtain
"DT",02/03/22,09,09:38:07,248511.4,248511,Cut Bench Program,SOFT SPLENDID 92 4M FELT,3.40,1,1,0,BAL601,RT150,Roslea Tile & Curtain
"DT",02/03/22,09,09:40:56,248114.4,248114,Cut Bench Program,DEVOTION SILK 125 FOG 4M A/B,5.94,1,1,0,MWE101,CI100,City Flooring Centre
"DT",02/03/22,09,09:41:55,248114.5,248114,Cut Bench Program,DEVOTION SILK 125 FOG 4M A/B,0.65,1,1,0,MWE101,,
"DT",02/03/22,09,09:43:07,,248114,Remeasure,DEVOTION SILK 125 FOG 4M A/B,0.00,1,0,1,MWE101,,
"DT",02/03/22,09,09:46:21,246870.7,246870,Cut Bench Program,MIDTOWN LUXURY 581 4M A/B,0.65,1,1,0,CON801,SA999,SAMPLING
"DT",02/03/22,09,09:49:08,241742.5,241742,Cut Bench Program,MIDTOWN LUXURY 5374 4M A/B,,1,1,0,CON801,SA999,SAMPLING
"DT",02/03/22,09,09:50:51,,241742,Remeasure,MIDTOWN LUXURY 5374 4M A/B,0.00,1,0,1,CON801,,
"DT",02/03/22,09,09:53:06,243628.5,243628,Cut Bench Program,JURA HEATHERS F/B 14 4M,1.83,1,1,0,CON801,CI100,City Flooring Centre
"DT",02/03/22,09,09:55:43,249271.2,249271,Cut Bench Program,POWERTEX WANDER 593 4M,4.72,1,1,0,IVC201,FL190,Flanagan Flooring Ireland
"DT",02/03/22,10,10:21:40,240470.3,240470,Cut Bench Program,MIDTOWN LUXURY 5274 4M A/B,0.65,1,1,0,CON801,SA999,SAMPLING
"DT",02/03/22,10,10:24:09,,240470,Remeasure,MIDTOWN LUXURY 5274 4M A/B,0.00,1,0,1,CON801,,
"DT",02/03/22,10,10:27:17,247853.6,247853,Cut Bench Program,MIDTOWN LUXURY 585 4M A/B,0.65,1,1,0,CON801,SA999,SAMPLING
"DT",02/03/22,10,10:30:45,245990.8,245990,Cut Bench Program,MIDTOWN ELITE 275 4M A/B,,1,1,0,CON801,,
"DT",02/03/22,10,10:33:35,248224.1,248224,Cut Bench Program,MIDTOWN LUXURY 572 4M A/B,,1,1,0,CON801,SA999,SAMPLING
"DT",02/03/22,10,10:38:40,248267.1,248267,Cut Bench Program,NEW ORKNEY HEATHERS A/B 75 4M,4.80,1,1,0,FLA101,FL190,Flanagan Flooring Ireland
"DT",02/03/22,10,10:40:39,248267.2,248267,Cut Bench Program,NEW ORKNEY HEATHERS A/B 75 4M,4.50,1,1,0,FLA101,FL190,Flanagan Flooring Ireland
"DT",02/03/22,10,10:47:40,248267.3,248267,Cut Bench Program,NEW ORKNEY HEATHERS A/B 75 4M,4.11,1,1,0,FLA101,FL190,Flanagan Flooring Ireland
"DT",02/03/22,10,10:50:36,248522.2,248522,Cut Bench Program,AIM HIGH 995 CHARCOAL 4M FELT,3.70,1,1,0,BAL601,FL190,Flanagan Flooring Ireland
"DT",02/03/22,10,10:55:00,236476.6,236476,Cut Bench Program,INFINITY GRASS HANA 35MM 4M,5.70,1,1,0,CLA201,EG100,Eglantine Timber Products Ltd
"DT",02/03/22,10,10:58:51,,236476,Remeasure,INFINITY GRASS HANA 35MM 4M,0.00,1,0,1,CLA201,,
"DT",02/03/22,11,11:02:18,249479.7,249479,Cut Bench Program,FLORIDA KEYS 73 BEIGE 4M FELT,4.06,1,1,0,CON801,DC100,D C FLOORS LTD
"DT",02/03/22,11,11:06:42,249240.2,249240,Cut Bench Program,OLYMPUS NOBLESSE 892 4M,6.00,1,1,0,IVC201,,
"DT",02/03/22,11,11:11:34,233343.1,233343,Cut Bench Program,VINTAGE OAK COLL HAVANNA OAK 019S 3M,2.30,1,1,0,BIG201,FL190,Flanagan Flooring Ireland
"DT",02/03/22,12,12:15:59,249873.1,249873,Cut Bench Program,NOTTINGHAM 173 4M FELT,0.50,1,1,0,CON801,,
"DT",02/03/22,12,12:20:45,249876.1,249876,Cut Bench Program,NOTTINGHAM 176 4M FELT,,1,1,0,CON801,,
"DT",02/03/22,12,12:24:43,249853.1,249853,Cut Bench Program,NOTTINGHAM 75 4M FELT,,1,1,0,CON801,,
"DT",02/03/22,12,12:27:18,249860.1,249860,Cut Bench Program,NOTTINGHAM 76 4M FELT,,1,1,0,CON801,,
"DT",02/03/22,12,12:30:02,249868.1,249868,Cut Bench Program,NOTTINGHAM 90 4M FELT,,1,1,0,CON801,,
"DT",02/03/22,12,12:35:37,247765.7,247765,Cut Bench Program,MIDTOWN ELITE 75 4M A/B,2.90,1,1,0,CON801,FL190,Flanagan Flooring Ireland
"DT",02/03/22,12,12:37:26,,247765,Remeasure,MIDTOWN ELITE 75 4M A/B,0.00,1,0,1,CON801,,
"DT",02/03/22,12,12:39:45,248691.13,248691,Cut Bench Program,ARTEMIS EVORA 594 2M,2.29,1,1,0,IVC201,FL190,Flanagan Flooring Ireland
"DT",02/03/22,12,12:40:42,248691.14,248691,Cut Bench Program,ARTEMIS EVORA 594 2M,1.30,1,1,0,IVC201,,
"DT",02/03/22,12,12:43:19,,248691,Remeasure,ARTEMIS EVORA 594 2M,0.00,1,0,1,IVC201,,
"DT",02/03/22,13,13:55:18,248236.3,248236,Cut Bench Program,HARRIS HEATHERS 75 4M A/B,7.50,1,1,0,CON801,,
"DT",02/03/22,13,13:56:08,249057.3,249057,Cut Bench Program,FAIRMONT 177 5M A/B,6.20,1,1,0,CON801,TE100,Teds Carpets & Furniture
"DT",02/03/22,13,13:58:25,246568.6,246568,Cut Bench Program,ARTEMIS ALASKA 581 3M,4.32,1,1,0,IVC201,DP101,Depot Cash sales
"DT",02/03/22,14,14:00:04,,246568,Remeasure,ARTEMIS ALASKA 581 3M,0.00,1,0,1,IVC201,,
"DT",02/03/22,14,14:01:41,248219.6,248219,Cut Bench Program,FAIRMONT 177 4M A/B,0.65,1,1,0,CON801,,
"DT",02/03/22,14,14:03:00,248219.7,248219,Cut Bench Program,FAIRMONT 177 4M A/B,3.00,1,1,0,CON801,DP101,Depot Cash sales
"DT",02/03/22,14,14:09:02,248165.2,248165,Cut Bench Program,NOBLE DREAMS 95 MONTEREY CLIFFS 4M FELT,,1,1,0,BAL601,DP101,Depot Cash sales
"DT",02/03/22,14,14:12:23,248866.1,248866,Cut Bench Program,PARADISE 71 4M A/B,2.20,1,1,0,BET101,FL180,Flanagan Flooring Distributors (Scotland
"DT",02/03/22,14,14:14:06,248866.2,248866,Cut Bench Program,PARADISE 71 4M A/B,2.70,1,1,0,BET101,FL180,Flanagan Flooring Distributors (Scotland
"DT",02/03/22,14,14:15:42,248866.3,248866,Cut Bench Program,PARADISE 71 4M A/B,3.70,1,1,0,BET101,FL180,Flanagan Flooring Distributors (Scotland
"DT",02/03/22,14,14:17:14,248866.4,248866,Cut Bench Program,PARADISE 71 4M A/B,4.30,1,1,0,BET101,FL180,Flanagan Flooring Distributors (Scotland
"DT",02/03/22,14,14:19:27,248866.5,248866,Cut Bench Program,PARADISE 71 4M A/B,4.50,1,1,0,BET101,FL180,Flanagan Flooring Distributors (Scotland
"DT",02/03/22,14,14:22:47,246137.1,246137,Cut Bench Program,CAPRI AGED OAK 967M 3M,9.15,1,1,0,JUT101,MC205,MCGALE FURNITURE & FLOORING
"DT",02/03/22,14,14:30:47,246571.1,246571,Cut Bench Program,HERMES AVORIAZ 582 2M,3.66,1,1,0,IVC201,,
"DT",02/03/22,14,14:33:12,246671.2,246671,Cut Bench Program,OLYMPUS SINTRA 583 2M,3.20,1,1,0,IVC201,FL180,Flanagan Flooring Distributors (Scotland
"DT",02/03/22,14,14:43:45,240729.1,240729,Cut Bench Program,HERMES AVEIRO 599 2M,1.60,1,1,0,IVC201,,
"DT",02/03/22,14,14:46:22,249479.8,249479,Cut Bench Program,FLORIDA KEYS 73 BEIGE 4M FELT,3.81,1,1,0,CON801,FL190,Flanagan Flooring Ireland
"DT",02/03/22,14,14:51:12,,249479,Remeasure,FLORIDA KEYS 73 BEIGE 4M FELT,0.00,1,0,1,CON801,,
"DT",02/03/22,14,14:56:43,247244.1,247244,Cut Bench Program,HAMPTON COURT 41 5M A/B,7.85,1,1,0,CON801,FL190,Flanagan Flooring Ireland
"DT",02/03/22,15,15:04:34,240641.4,240641,Cut Bench Program,HERMES BELLAGGIO 591 4M,4.34,1,1,0,IVC201,CL274,Classic Carpets
"DT",02/03/22,15,15:08:50,245312.3,245312,Cut Bench Program,INFINITY GRASS KIANO 5013 20MM 4M,8.00,1,1,0,CLA201,EG100,Eglantine Timber Products Ltd
"DT",02/03/22,15,15:13:01,245534.4,245534,Cut Bench Program,AURA FINA 544 3M,2.75,1,1,0,IVC201,CI100,City Flooring Centre
"DT",02/03/22,15,15:14:22,245534.5,245534,Cut Bench Program,AURA FINA 544 3M,1.52,1,1,0,IVC201,CI100,City Flooring Centre
"DT",02/03/22,15,15:17:41,247354.2,247354,Cut Bench Program,AURA FINA 544 4M,5.03,1,1,0,IVC201,,
"DT",02/03/22,15,15:19:04,247354.3,247354,Cut Bench Program,AURA FINA 544 4M,3.51,1,1,0,IVC201,,
"DT",02/03/22,15,15:20:57,247354.4,247354,Cut Bench Program,AURA FINA 544 4M,2.13,1,1,0,IVC201,CI100,City Flooring Centre
"DT",02/03/22,15,15:22:10,,247354,Remeasure,AURA FINA 544 4M,0.00,1,0,1,IVC201,,
"DT",02/03/22,15,15:29:48,249388.1,249388,Cut Bench Program,CLASSIC CHARM 915 5M A/B,4.90,1,1,0,BAL601,FL190,Flanagan Flooring Ireland
"DT",02/03/22,15,15:46:30,246014.2,246014,Cut Bench Program,MIDTOWN ELITE 375 5M A/B,4.70,1,1,0,CON801,,
"DT",02/03/22,16,16:07:59,247260.4,247260,Cut Bench Program,FLORIDA KEYS 78 NOIR 5M FELT,5.49,1,1,0,CON801,DP101,Depot Cash sales
"DT",02/03/22,16,16:17:12,,247260,Remeasure,FLORIDA KEYS 78 NOIR 5M FELT,0.00,1,0,1,CON801,,
"DT",02/03/22,16,16:37:02,248894.1,248894,Cut Bench Program,GRANITE RIB 78 ANTHRACITE 4M GEL,6.00,1,1,0,BET101,MC120,Gordon McAlister Contracts
,,,,,,,,,--------,--------,--------
"DT",02/03/22,,,,,,,,95,77,18
"DT",03/03/22,08,08:10:38,239417.1,239417,Cut Bench Program,PARADISE 75 4M A/B,3.05,1,1,0,BET101,,
"DT",03/03/22,08,08:15:14,239417.2,239417,Cut Bench Program,PARADISE 75 4M A/B,4.57,1,1,0,BET101,,
"DT",03/03/22,08,08:15:19,239417.3,239417,Cut Bench Program,PARADISE 75 4M A/B,2.36,1,1,0,BET101,,
"DT",03/03/22,08,08:16:59,,247242,Remeasure,MIDTOWN ELITE 81 4M A/B,0.00,1,0,1,CON801,,
"DT",03/03/22,08,08:19:48,241817.11,241817,Cut Bench Program,ORION HOLYWELL 990M 2M,1.98,1,1,0,BIG201,DC100,D C FLOORS LTD
"DT",03/03/22,08,08:22:37,248374.2,248374,Cut Bench Program,VINTAGE OAK COLL LIME OAK 160L 3M,2.40,1,1,0,BIG201,RE105,Reas Of Larne
"DT",03/03/22,08,08:25:14,244893.4,244893,Cut Bench Program,VINTAGE OAK COLL COVENTRY 797M 3M,3.10,1,1,0,BIG201,JO125,Johns Carpets
"DT",03/03/22,08,08:27:47,246951.3,246951,Cut Bench Program,CLASSIC CHARM 720 4M A/B,4.60,1,1,0,BAL601,FL190,Flanagan Flooring Ireland
"DT",03/03/22,08,08:29:34,246951.4,246951,Cut Bench Program,CLASSIC CHARM 720 4M A/B,3.05,1,1,0,BAL601,FL190,Flanagan Flooring Ireland
"DT",03/03/22,08,08:31:21,246951.5,246951,Cut Bench Program,CLASSIC CHARM 720 4M A/B,2.15,1,1,0,BAL601,FL190,Flanagan Flooring Ireland
"DT",03/03/22,08,08:33:29,,246951,Remeasure,CLASSIC CHARM 720 4M A/B,0.00,1,0,1,BAL601,,
"DT",03/03/22,08,08:35:03,235421.6,235421,Cut Bench Program,GLADIATOR FELIZ 592 2M,1.60,1,1,0,IVC201,FL190,Flanagan Flooring Ireland
"DT",03/03/22,08,08:37:03,249059.2,249059,Cut Bench Program,HARRIS HEATHERS 176 4M A/B,4.00,1,1,0,CON801,,
"DT",03/03/22,08,08:38:29,249059.3,249059,Cut Bench Program,HARRIS HEATHERS 176 4M A/B,5.18,1,1,0,CON801,,
"DT",03/03/22,08,08:39:59,249059.4,249059,Cut Bench Program,HARRIS HEATHERS 176 4M A/B,1.52,1,1,0,CON801,,
"DT",03/03/22,08,08:40:04,249059.5,249059,Cut Bench Program,HARRIS HEATHERS 176 4M A/B,,1,1,0,CON801,,
"DT",03/03/22,08,08:40:46,249059.6,249059,Cut Bench Program,HARRIS HEATHERS 176 4M A/B,3.15,1,1,0,CON801,FL190,Flanagan Flooring Ireland
"DT",03/03/22,08,08:44:12,,249059,Remeasure,HARRIS HEATHERS 176 4M A/B,0.00,1,0,1,CON801,,
"DT",03/03/22,08,08:45:29,249525.7,249525,Cut Bench Program,FAIRMONT 291 4M A/B,2.75,1,1,0,CON801,FL190,Flanagan Flooring Ireland
"DT",03/03/22,08,08:48:28,246868.3,246868,Cut Bench Program,HARRIS HEATHERS 90 4M A/B,4.88,1,1,0,CON801,,
"DT",03/03/22,08,08:51:44,249171.3,249171,Cut Bench Program,ARTEMIS EMILIA 596 3M,4.00,1,1,0,IVC201,,
"DT",03/03/22,08,08:56:17,248810.1,248810,Cut Bench Program,NOBLE DREAMS 69 SCROLL BEIGE 4M FELT,3.95,1,1,0,BAL601,FL325,Floors For Living
"DT",03/03/22,08,08:59:06,248810.2,248810,Cut Bench Program,NOBLE DREAMS 69 SCROLL BEIGE 4M FELT,3.10,1,1,0,BAL601,FL325,Floors For Living
"DT",03/03/22,09,09:02:40,248810.3,248810,Cut Bench Program,NOBLE DREAMS 69 SCROLL BEIGE 4M FELT,4.80,1,1,0,BAL601,FL325,Floors For Living
"DT",03/03/22,09,09:03:16,248810.4,248810,Cut Bench Program,NOBLE DREAMS 69 SCROLL BEIGE 4M FELT,4.57,1,1,0,BAL601,FL325,Floors For Living
"DT",03/03/22,09,09:07:52,244913.2,244913,Cut Bench Program,RUSTIC COLL CROUCH OAK 170M 4M,5.80,1,1,0,BIG201,EX105,M & P QUIGLEY
"DT",03/03/22,09,09:11:18,243765.4,243765,Cut Bench Program,HERMES VIDIMUS 597 3M,1.20,1,1,0,IVC201,SM101,Smallcost Coleraine
"DT",03/03/22,09,09:14:21,243766.7,243766,Cut Bench Program,HERMES VIDIMUS 597 4M,4.35,1,1,0,IVC201,SM101,Smallcost Coleraine
"DT",03/03/22,09,09:16:27,,243766,Remeasure,HERMES VIDIMUS 597 4M,0.00,1,0,1,IVC201,,
"DT",03/03/22,09,09:17:44,248485.2,248485,Cut Bench Program,EAGLE 980 GRAPHITE 4M FELT,3.00,1,1,0,BAL601,DP101,Depot Cash sales
"DT",03/03/22,09,09:19:04,248485.3,248485,Cut Bench Program,EAGLE 980 GRAPHITE 4M FELT,2.90,1,1,0,BAL601,DP101,Depot Cash sales
"DT",03/03/22,09,09:19:59,248485.4,248485,Cut Bench Program,EAGLE 980 GRAPHITE 4M FELT,2.60,1,1,0,BAL601,DP101,Depot Cash sales
"DT",03/03/22,09,09:23:01,247251.5,247251,Cut Bench Program,FAIRMONT 173 4M A/B,0.65,1,1,0,CON801,,
"DT",03/03/22,09,09:25:26,249092.1,249092,Cut Bench Program,FAIRMONT 273 4M A/B,,1,1,0,CON801,,
"DT",03/03/22,09,09:25:43,249092.2,249092,Cut Bench Program,FAIRMONT 273 4M A/B,13.11,1,1,0,CON801,JY100,YOUNGS CARPETS LTD
"DT",03/03/22,09,09:28:02,249508.2,249508,Cut Bench Program,FAIRMONT 274 4M A/B,0.65,1,1,0,CON801,,
"DT",03/03/22,09,09:28:11,,249508,Remeasure,FAIRMONT 274 4M A/B,0.00,1,0,1,CON801,,
"DT",03/03/22,09,09:32:19,247475.7,247475,Cut Bench Program,FAIRMONT 276 4M A/B,0.65,1,1,0,CON801,,
"DT",03/03/22,10,10:26:29,244199.1,244199,Cut Bench Program,JURA HEATHERS F/B 275 4M,4.90,1,1,0,CON801,FL190,Flanagan Flooring Ireland
"DT",03/03/22,10,10:29:49,248190.1,248190,Cut Bench Program,CLASSIC CHARM HEATHERS 980 4M A/B,3.66,1,1,0,BAL601,FL190,Flanagan Flooring Ireland
"DT",03/03/22,10,10:33:19,244733.5,244733,Cut Bench Program,ENCHANTED A/B 77 4M,6.10,1,1,0,CON801,FL190,Flanagan Flooring Ireland
"DT",03/03/22,10,10:36:54,248523.1,248523,Cut Bench Program,NOBLE HEATHERS 965 SLATE GREY 4M FELT,3.43,1,1,0,BAL601,DP101,Depot Cash sales
"DT",03/03/22,10,10:40:35,249413.1,249413,Cut Bench Program,SOFT NOBLE FELT 630 CANDLE CREAM 4M,3.58,1,1,0,BAL601,,
"DT",03/03/22,10,10:44:40,246888.3,246888,Cut Bench Program,MIDTOWN LUXURY 575 4M A/B,4.00,1,1,0,CON801,,
"DT",03/03/22,10,10:48:08,244888.7,244888,Cut Bench Program,GATSBY CASTLETON 904M 2M,2.97,1,1,0,JUT101,,
"DT",03/03/22,10,10:50:51,,244888,Remeasure,GATSBY CASTLETON 904M 2M,0.00,1,0,1,JUT101,,
"DT",03/03/22,10,10:55:54,249399.2,249399,Cut Bench Program,NOBLE DREAMS 91 ASCOT GREY 4M FELT,3.05,1,1,0,BAL601,FL190,Flanagan Flooring Ireland
"DT",03/03/22,11,11:00:15,247255.3,247255,Cut Bench Program,SUPERIOR TWIST 92 4M A/B,3.43,1,1,0,CON801,,
"DT",03/03/22,11,11:04:07,244537.3,244537,Cut Bench Program,AURA SIBERIA 509 4M,4.42,1,1,0,IVC201,FL190,Flanagan Flooring Ireland
"DT",03/03/22,11,11:06:46,248057.5,248057,Cut Bench Program,NOBLE HEATHERS 695 NIGHT JAR 4M FELT,1.83,1,1,0,BAL601,FL190,Flanagan Flooring Ireland
"DT",03/03/22,11,11:10:58,243572.6,243572,Cut Bench Program,AFFINITY 96 4M FELT,4.10,1,1,0,BAL601,FL190,Flanagan Flooring Ireland
"DT",03/03/22,11,11:17:07,249249.2,249249,Cut Bench Program,POWERTEX HELSINKI 597 4M,4.00,1,1,0,IVC201,FL190,Flanagan Flooring Ireland
"DT",03/03/22,11,11:21:10,,249249,Remeasure,POWERTEX HELSINKI 597 4M,0.00,1,0,1,IVC201,,
"DT",03/03/22,11,11:23:46,244897.6,244897,Cut Bench Program,VINTAGE OAK COLL COVENTRY 797M 4M,7.10,1,1,0,BIG201,,
"DT",03/03/22,11,11:26:44,,244897,Remeasure,VINTAGE OAK COLL COVENTRY 797M 4M,0.00,1,0,1,BIG201,,
"DT",03/03/22,11,11:28:07,248537.1,248537,Cut Bench Program,SOFT SPLENDID 94 4M FELT,3.05,1,1,0,BAL601,,
"DT",03/03/22,11,11:32:24,249602.1,249602,Cut Bench Program,FLORIDA KEYS 172 DUNE 4M FELT,5.03,1,1,0,,,
"DT",03/03/22,11,11:35:01,243595.5,243595,Cut Bench Program,SUPERIOR TWIST 82 4M A/B,6.75,1,1,0,CON801,,
"DT",03/03/22,11,11:38:01,247867.4,247867,Cut Bench Program,UTOPIA 71 COIN 4M A/B,3.40,1,1,0,CON801,FL190,Flanagan Flooring Ireland
"DT",03/03/22,11,11:41:17,245989.4,245989,Cut Bench Program,RHAPSODY 75 4M FELT,2.74,1,1,0,CON801,,
"DT",03/03/22,11,11:43:34,249413.2,249413,Cut Bench Program,SOFT NOBLE FELT 630 CANDLE CREAM 4M,2.59,1,1,0,BAL601,CI100,City Flooring Centre
"DT",03/03/22,11,11:46:54,249298.4,249298,Cut Bench Program,ROCKEFELLER TRENTINO 907M 3M,3.10,1,1,0,JUT101,,
"DT",03/03/22,14,14:02:03,243594.3,243594,Cut Bench Program,AVIEMORE TWIST 15 LAVENDER 4M A/B,3.80,1,1,0,CON801,FF110,FEENEY FLOORING LTD
"DT",03/03/22,14,14:04:48,249427.3,249427,Cut Bench Program,SOFT SPLENDID 97 4M FELT,1.20,1,1,0,BAL601,FL190,Flanagan Flooring Ireland
"DT",03/03/22,14,14:06:36,249384.1,249384,Cut Bench Program,NOBLE DREAMS 91 ASCOT GREY 5M FELT,5.30,1,1,0,BAL601,FO100,Foyle Carpets
"DT",03/03/22,14,14:07:41,249499.2,249499,Cut Bench Program,OPULENCE 77 GRAPHITE 4M A/B,3.60,1,1,0,CON801,FL190,Flanagan Flooring Ireland
"DT",03/03/22,14,14:16:04,247393.4,247393,Cut Bench Program,OLYMPUS BARCELONA 579 4M,5.20,1,1,0,IVC201,FL190,Flanagan Flooring Ireland
"DT",03/03/22,14,14:20:58,247649.1,247649,Cut Bench Program,ISLA TWIST 75 NORTHERN SKY 4M FELT,12.80,1,1,0,BET101,DP101,Depot Cash sales
"DT",03/03/22,14,14:24:27,248318.3,248318,Cut Bench Program,VINTAGE OAK COLL LIME OAK 609M 4M,7.60,1,1,0,BIG201,FL325,Floors For Living
"DT",03/03/22,14,14:27:07,,248318,Remeasure,VINTAGE OAK COLL LIME OAK 609M 4M,0.00,1,0,1,BIG201,,
"DT",03/03/22,14,14:29:25,248300.1,248300,Cut Bench Program,VINTAGE OAK COLL LIME OAK 609M 3M,7.60,1,1,0,BIG201,FL325,Floors For Living
"DT",03/03/22,14,14:31:44,248436.3,248436,Cut Bench Program,DEVOTION SILK 774 EARTH STONE 4M A/B,7.01,1,1,0,FLA101,MC210,H N Mckinley & Son
"DT",03/03/22,14,14:35:38,248814.4,248814,Cut Bench Program,NOBLE HEATHERS 965 SLATE GREY 4M A/B,3.00,1,1,0,BAL601,DP101,Depot Cash sales
"DT",03/03/22,14,14:38:59,248814.5,248814,Cut Bench Program,NOBLE HEATHERS 965 SLATE GREY 4M A/B,,1,1,0,BAL601,DP101,Depot Cash sales
"DT",03/03/22,14,14:39:41,248814.6,248814,Cut Bench Program,NOBLE HEATHERS 965 SLATE GREY 4M A/B,5.00,1,1,0,BAL601,DP101,Depot Cash sales
"DT",03/03/22,14,14:43:53,239754.2,239754,Cut Bench Program,JURA HEATHERS F/B 13 4M,5.80,1,1,0,CON801,,
"DT",03/03/22,14,14:46:59,249329.2,249329,Cut Bench Program,ROCKEFELLER TRENTINO 907M 4M,2.00,1,1,0,JUT101,FL190,Flanagan Flooring Ireland
"DT",03/03/22,14,14:47:03,249329.3,249329,Cut Bench Program,ROCKEFELLER TRENTINO 907M 4M,4.00,1,1,0,JUT101,,
"DT",03/03/22,14,14:52:24,249204.2,249204,Cut Bench Program,OLYMPUS SORBONNE 594 4M,5.60,1,1,0,IVC201,DP101,Depot Cash sales
"DT",03/03/22,14,14:56:01,248229.3,248229,Cut Bench Program,RHAPSODY 91 4M FELT,5.49,1,1,0,CON801,,
"DT",03/03/22,15,15:00:39,249266.2,249266,Cut Bench Program,POWERTEX HELSINKI 597 4M,4.20,1,1,0,IVC201,FL190,Flanagan Flooring Ireland
"DT",03/03/22,15,15:03:58,245409.3,245409,Cut Bench Program,POWERTEX HELSINKI 597 3M,5.80,1,1,0,IVC201,FL190,Flanagan Flooring Ireland
"DT",03/03/22,15,15:52:00,241891.5,241891,Cut Bench Program,ORION PURE OAK 160M 3M,5.64,1,1,0,BIG201,FL190,Flanagan Flooring Ireland
"DT",03/03/22,16,16:42:47,246539.4,246539,Cut Bench Program,MIDTOWN ELITE 275 5M A/B,2.69,1,1,0,CON801,VO100,VOGUE FLOORING
"DT",03/03/22,16,16:46:38,,246539,Remeasure,MIDTOWN ELITE 275 5M A/B,0.00,1,0,1,CON801,,
,,,,,,,,,--------,--------,--------
"DT",03/03/22,,,,,,,,85,75,10
"DT",04/03/22,08,08:01:19,248845.1,248845,Cut Bench Program,NOBLE HEATHERS 945 GULL GREY 4M FELT,3.28,1,1,0,BAL601,,
"DT",04/03/22,08,08:06:29,245449.1,245449,Cut Bench Program,ARTEMIS TAVEL 571 4M,10.06,1,1,0,IVC201,FL190,Flanagan Flooring Ireland
"DT",04/03/22,08,08:09:35,245990.9,245990,Cut Bench Program,MIDTOWN ELITE 275 4M A/B,1.42,1,1,0,CON801,VO100,VOGUE FLOORING
"DT",04/03/22,08,08:13:03,,245990,Remeasure,MIDTOWN ELITE 275 4M A/B,0.00,1,0,1,CON801,,
"DT",04/03/22,08,08:16:25,248880.4,248880,Cut Bench Program,FOUR SEASONS 90 4M A/B,6.75,1,1,0,BET101,,
"DT",04/03/22,08,08:20:09,240593.8,240593,Cut Bench Program,HERMES AVEIRO 523 4M,4.45,1,1,0,IVC201,,
"DT",04/03/22,08,08:23:45,244407.6,244407,Cut Bench Program,SOFT SPLENDID 70 4M FELT,1.85,1,1,0,BAL601,,
"DT",04/03/22,08,08:25:12,,244407,Remeasure,SOFT SPLENDID 70 4M FELT,0.00,1,0,1,BAL601,,
"DT",04/03/22,08,08:27:26,248408.1,248408,Cut Bench Program,ORION SUGAR OAK 997L 4M,4.20,1,1,0,BIG201,,
"DT",04/03/22,08,08:29:03,248408.2,248408,Cut Bench Program,ORION SUGAR OAK 997L 4M,4.34,1,1,0,BIG201,FL190,Flanagan Flooring Ireland
"DT",04/03/22,08,08:32:59,241432.4,241432,Cut Bench Program,ARTEMIS TASMANIA 507 4M,3.28,1,1,0,IVC201,,
"DT",04/03/22,08,08:34:54,,241432,Remeasure,ARTEMIS TASMANIA 507 4M,0.00,1,0,1,IVC201,,
"DT",04/03/22,08,08:36:48,248303.1,248303,Cut Bench Program,VINTAGE OAK COLL LAUREL OAK 162M 4M,2.29,1,1,0,BIG201,,
"DT",04/03/22,08,08:40:20,247181.2,247181,Cut Bench Program,ORION OAK CHEVRON 009S 3M,2.45,1,1,0,BIG201,,
"DT",04/03/22,08,08:43:41,248502.2,248502,Cut Bench Program,SOFT NOBLE FELT 900 GREY MARE 4M,1.00,1,1,0,BAL601,,
"DT",04/03/22,08,08:47:08,249399.3,249399,Cut Bench Program,NOBLE DREAMS 91 ASCOT GREY 4M FELT,3.73,1,1,0,BAL601,,
"DT",04/03/22,08,08:51:04,249480.7,249480,Cut Bench Program,FLORIDA KEYS 73 BEIGE 4M FELT,2.50,1,1,0,CON801,,
"DT",04/03/22,08,08:52:15,,249480,Remeasure,FLORIDA KEYS 73 BEIGE 4M FELT,0.00,1,0,1,CON801,,
"DT",04/03/22,08,08:54:35,249500.1,249500,Cut Bench Program,RHAPSODY 75 4M FELT,2.85,1,1,0,CON801,FL190,Flanagan Flooring Ireland
"DT",04/03/22,09,09:02:51,,237089,Remeasure,AVIEMORE TWIST 94 HAZELNUT 4M A/B,0.00,1,0,1,CON801,,
"DT",04/03/22,09,09:05:17,245004.3,245004,Cut Bench Program,ORION PATIO 960D 2M,3.00,1,1,0,BIG201,FL190,Flanagan Flooring Ireland
"DT",04/03/22,09,09:08:08,248238.1,248238,Cut Bench Program,SUPERIOR TWIST 69 4M A/B,3.51,1,1,0,CON801,,
"DT",04/03/22,09,09:11:25,248238.2,248238,Cut Bench Program,SUPERIOR TWIST 69 4M A/B,3.50,1,1,0,CON801,,
"DT",04/03/22,09,09:15:05,248811.1,248811,Cut Bench Program,NOBLE DREAMS 69 SCROLL BEIGE 4M FELT,3.20,1,1,0,BAL601,FL190,Flanagan Flooring Ireland
"DT",04/03/22,09,09:15:58,248811.2,248811,Cut Bench Program,NOBLE DREAMS 69 SCROLL BEIGE 4M FELT,1.91,1,1,0,BAL601,FL190,Flanagan Flooring Ireland
"DT",04/03/22,09,09:17:39,248811.3,248811,Cut Bench Program,NOBLE DREAMS 69 SCROLL BEIGE 4M FELT,4.34,1,1,0,BAL601,FL190,Flanagan Flooring Ireland
"DT",04/03/22,09,09:21:21,249489.1,249489,Cut Bench Program,UTOPIA 78 SHADOW 4M A/B,4.80,1,1,0,CON801,,
"DT",04/03/22,09,09:24:02,249489.2,249489,Cut Bench Program,UTOPIA 78 SHADOW 4M A/B,4.30,1,1,0,CON801,,
"DT",04/03/22,09,09:25:51,249489.3,249489,Cut Bench Program,UTOPIA 78 SHADOW 4M A/B,,1,1,0,CON801,,
"DT",04/03/22,09,09:27:25,249489.4,249489,Cut Bench Program,UTOPIA 78 SHADOW 4M A/B,2.75,1,1,0,CON801,,
"DT",04/03/22,09,09:28:46,249489.5,249489,Cut Bench Program,UTOPIA 78 SHADOW 4M A/B,2.30,1,1,0,CON801,,
"DT",04/03/22,09,09:29:50,237089.8,237089,Cut Bench Program,AVIEMORE TWIST 94 HAZELNUT 4M A/B,5.00,1,1,0,CON801,,
"DT",04/03/22,09,09:32:40,244892.3,244892,Cut Bench Program,VINTAGE OAK COLL COVENTRY 797M 2M,2.03,1,1,0,BIG201,,
"DT",04/03/22,09,09:36:31,247105.7,247105,Cut Bench Program,VINTAGE OAK COLL PURE OAK 960M 4M,4.57,1,1,0,BIG201,,
"DT",04/03/22,09,09:38:19,,247105,Remeasure,VINTAGE OAK COLL PURE OAK 960M 4M,0.00,1,0,1,BIG201,,
"DT",04/03/22,09,09:40:26,244969.11,244969,Cut Bench Program,ORION OAK CHEVRON 009S 2M,2.44,1,1,0,BIG201,,
"DT",04/03/22,09,09:43:37,248139.3,248139,Cut Bench Program,SOFT SPLENDID 68 5M FELT,2.70,1,1,0,BAL601,,
"DT",04/03/22,09,09:44:05,248418.4,248418,Cut Bench Program,VINTAGE OAK COLL PURE OAK 960M 3M,5.15,1,1,0,BIG201,,
"DT",04/03/22,09,09:45:13,,248418,Remeasure,VINTAGE OAK COLL PURE OAK 960M 3M,0.00,1,0,1,BIG201,,
"DT",04/03/22,09,09:47:06,249308.1,249308,Cut Bench Program,ROCKEFELLER POLPERRO 190L 3M,2.67,1,1,0,JUT101,,
"DT",04/03/22,09,09:50:35,248428.6,248428,Cut Bench Program,ORION HOLLY OAK 136M 3M,3.81,1,1,0,BIG201,,
"DT",04/03/22,09,09:51:06,248139.4,248139,Cut Bench Program,SOFT SPLENDID 68 5M FELT,3.50,1,1,0,BAL601,,
"DT",04/03/22,09,09:52:08,,248428,Remeasure,ORION HOLLY OAK 136M 3M,0.00,1,0,1,BIG201,,
"DT",04/03/22,09,09:55:45,245750.1,245750,Cut Bench Program,FLORIDA KEYS 77 SILVER 4M FELT,14.02,1,1,0,CON801,,
"DT",04/03/22,10,10:00:47,248802.3,248802,Cut Bench Program,EMPIRE 6024/80 TARTAN 4M,3.70,1,1,0,BAL601,,
"DT",04/03/22,10,10:17:18,248802.4,248802,Cut Bench Program,EMPIRE 6024/80 TARTAN 4M,0.50,1,1,0,BAL601,,
"DT",04/03/22,10,10:23:23,249374.4,249374,Cut Bench Program,SOFT NOBLE FELT 720 RAW LINEN 4M,6.00,1,1,0,BAL601,,
"DT",04/03/22,10,10:29:35,248139.5,248139,Cut Bench Program,SOFT SPLENDID 68 5M FELT,2.00,1,1,0,BAL601,,
"DT",04/03/22,10,10:30:12,248528.4,248528,Cut Bench Program,THE NOBLE COLL STRIPE 14 FIRE LINE 4M FELT,3.66,1,1,0,BAL601,,
"DT",04/03/22,10,10:33:13,,248528,Remeasure,THE NOBLE COLL STRIPE 14 FIRE LINE 4M FELT,0.00,1,0,1,BAL601,,
"DT",04/03/22,10,10:35:06,248139.6,248139,Cut Bench Program,SOFT SPLENDID 68 5M FELT,1.00,1,1,0,BAL601,,
"DT",04/03/22,10,10:36:22,249518.1,249518,Cut Bench Program,IMPULSE 293 BONE 4M A/B,13.25,1,1,0,CON801,FL190,Flanagan Flooring Ireland
"DT",04/03/22,10,10:40:27,246971.1,246971,Cut Bench Program,VINTAGE OAK COLL PURE OAK 960M 4M,1.55,1,1,0,,,
"DT",04/03/22,10,10:41:33,,246971,Remeasure,VINTAGE OAK COLL PURE OAK 960M 4M,0.00,1,0,1,,,
"DT",04/03/22,10,10:44:02,248181.6,248181,Cut Bench Program,SOFT SPLENDID 94 4M FELT,2.84,1,1,0,BAL601,,
"DT",04/03/22,10,10:44:33,248139.7,248139,Cut Bench Program,SOFT SPLENDID 68 5M FELT,2.00,1,1,0,BAL601,,
"DT",04/03/22,10,10:45:09,248181.7,248181,Cut Bench Program,SOFT SPLENDID 94 4M FELT,4.67,1,1,0,BAL601,,
"DT",04/03/22,10,10:50:14,244678.2,244678,Cut Bench Program,AVIEMORE TWIST 174 STARDUST 4M A/B,7.09,1,1,0,CON801,,
"DT",04/03/22,10,10:54:20,245605.3,245605,Cut Bench Program,NOBLE HEATHERS 945 GULL GREY 4M A/B,3.05,1,1,0,BAL601,,
"DT",04/03/22,10,10:55:44,245605.4,245605,Cut Bench Program,NOBLE HEATHERS 945 GULL GREY 4M A/B,4.57,1,1,0,BAL601,,
"DT",04/03/22,10,10:57:00,245605.5,245605,Cut Bench Program,NOBLE HEATHERS 945 GULL GREY 4M A/B,4.72,1,1,0,BAL601,,
"DT",04/03/22,11,11:00:40,245306.1,245306,Cut Bench Program,INFINITY GRASS KIANO 5013 20MM 4M,5.50,1,1,0,CLA201,FL190,Flanagan Flooring Ireland
"DT",04/03/22,11,11:01:56,245306.2,245306,Cut Bench Program,INFINITY GRASS KIANO 5013 20MM 4M,,1,1,0,CLA201,FL190,Flanagan Flooring Ireland
"DT",04/03/22,11,11:03:32,245306.3,245306,Cut Bench Program,INFINITY GRASS KIANO 5013 20MM 4M,,1,1,0,CLA201,FL190,Flanagan Flooring Ireland
"DT",04/03/22,11,11:06:53,247721.1,247721,Cut Bench Program,GATSBY PRISM 994D 4M,6.71,1,1,0,JUT101,,
"DT",04/03/22,11,11:09:39,249277.1,249277,Cut Bench Program,ARTEMIS EVORA 594 4M,1.98,1,1,0,IVC201,,
"DT",04/03/22,11,11:13:09,246641.6,246641,Cut Bench Program,OLYMPUS NOBLESSE 892 3M,4.95,1,1,0,IVC201,FL190,Flanagan Flooring Ireland
"DT",04/03/22,11,11:15:56,249476.1,249476,Cut Bench Program,AVIEMORE TWIST 95 EXPRESSO 4M A/B,4.27,1,1,0,CON801,,
"DT",04/03/22,11,11:20:08,245747.8,245747,Cut Bench Program,SUPERIOR TWIST 75 4M A/B,2.59,1,1,0,CON801,,
"DT",04/03/22,11,11:27:40,248931.4,248931,Cut Bench Program,FOUR SEASONS 78 4M A/B,2.00,1,1,0,BET101,,
"DT",04/03/22,11,11:30:39,249378.4,249378,Cut Bench Program,SOFT SPLENDID 68 4M FELT,1.10,1,1,0,BAL601,,
"DT",04/03/22,11,11:35:31,247261.1,247261,Cut Bench Program,HAMPTON COURT STRIPE 190 4M A/B,4.72,1,1,0,CON801,,
"DT",04/03/22,11,11:39:10,246960.7,246960,Cut Bench Program,NOBLE DREAMS 52 SWEET TRUFFLE 4M FELT,3.66,1,1,0,BAL601,FL190,Flanagan Flooring Ireland
"DT",04/03/22,11,11:43:46,247183.1,247183,Cut Bench Program,ORION PURE OAK 160M 3M,4.57,1,1,0,BIG201,,
"DT",04/03/22,11,11:47:27,249184.4,249184,Cut Bench Program,AURA ALLURE 579 3M,2.00,1,1,0,IVC201,,
"DT",04/03/22,11,11:50:55,247853.7,247853,Cut Bench Program,MIDTOWN LUXURY 585 4M A/B,3.35,1,1,0,CON801,,
"DT",04/03/22,11,11:52:23,,247853,Remeasure,MIDTOWN LUXURY 585 4M A/B,0.00,1,0,1,CON801,,
"DT",04/03/22,11,11:57:32,249498.1,249498,Cut Bench Program,FLORIDA KEYS 75 SLATE 4M FELT,2.50,1,1,0,CON801,,
"DT",04/03/22,11,11:59:07,249498.2,249498,Cut Bench Program,FLORIDA KEYS 75 SLATE 4M FELT,2.30,1,1,0,CON801,,
"DT",04/03/22,12,12:00:25,249498.3,249498,Cut Bench Program,FLORIDA KEYS 75 SLATE 4M FELT,2.80,1,1,0,CON801,,
"DT",04/03/22,12,12:02:09,249498.4,249498,Cut Bench Program,FLORIDA KEYS 75 SLATE 4M FELT,4.40,1,1,0,CON801,,
"DT",04/03/22,12,12:03:27,249498.5,249498,Cut Bench Program,FLORIDA KEYS 75 SLATE 4M FELT,5.50,1,1,0,CON801,,
"DT",04/03/22,12,12:07:04,248506.5,248506,Cut Bench Program,SOFT NOBLE FELT 950 SILVER CLOUD 4M,2.75,1,1,0,BAL601,,
"DT",04/03/22,12,12:12:13,238784.6,238784,Cut Bench Program,CAPRI LANCASTER 965D 3M,2.00,1,1,0,JUT101,,
"DT",04/03/22,12,12:23:48,248931.5,248931,Cut Bench Program,FOUR SEASONS 78 4M A/B,,1,1,0,BET101,FL190,Flanagan Flooring Ireland
"DT",04/03/22,12,12:25:28,,248931,Remeasure,FOUR SEASONS 78 4M A/B,0.00,1,0,1,BET101,,
"DT",04/03/22,12,12:27:53,249370.1,249370,Cut Bench Program,GATSBY YORVIK 970D 2M,4.30,1,1,0,JUT101,,
"DT",04/03/22,12,12:30:20,246418.5,246418,Cut Bench Program,DEVOTION SILK 124 OYSTER WHITE 4M A/B,0.65,1,1,0,MWE101,,
"DT",04/03/22,12,12:33:05,235671.3,235671,Cut Bench Program,DEVOTION SILK 134 CHALK WHITE 4M A/B,,1,1,0,MWE101,,
"DT",04/03/22,12,12:35:31,249113.1,249113,Cut Bench Program,DEVOTION SILK 144 FROZEN WATER 4M A/B,,1,1,0,MWE101,,
"DT",04/03/22,12,12:38:59,248435.3,248435,Cut Bench Program,DEVOTION SILK 224 SOFT TAUPE 4M A/B,,1,1,0,FLA101,,
"DT",04/03/22,12,12:42:38,248113.7,248113,Cut Bench Program,DEVOTION SILK 245 MOONLIGHT 4M A/B,,1,1,0,MWE101,,
"DT",04/03/22,12,12:43:57,,248113,Remeasure,DEVOTION SILK 245 MOONLIGHT 4M A/B,0.00,1,0,1,MWE101,,
"DT",04/03/22,12,12:45:55,239942.6,239942.4,Cut Bench Program,DEVOTION SILK 774 EARTH STONE 4M A/B,0.65,1,1,0,MWE101,,
"DT",04/03/22,12,12:47:54,,239942.4,Remeasure,DEVOTION SILK 774 EARTH STONE 4M A/B,0.00,1,0,1,MWE101,,
"DT",04/03/22,12,12:49:32,240818.6,240818,Cut Bench Program,DEVOTION SILK 734 ASHES 4M A/B,0.65,1,1,0,MWE101,,
"DT",04/03/22,12,12:53:45,240694.5,240694,Cut Bench Program,ARTEMIS ALFERRO 593 3M,2.36,1,1,0,IVC201,,
"DT",04/03/22,13,13:49:01,248485.5,248485,Cut Bench Program,EAGLE 980 GRAPHITE 4M FELT,6.10,1,1,0,BAL601,,
"DT",04/03/22,13,13:56:52,249505.1,249505,Cut Bench Program,HAMPTON COURT 90 4M A/B,24.10,1,1,0,CON801,,
"DT",04/03/22,14,14:00:50,245505.9,245505,Cut Bench Program,HERMES EVORA 594 2M,2.35,1,1,0,IVC201,,
"DT",04/03/22,14,14:02:21,,245505,Remeasure,HERMES EVORA 594 2M,0.00,1,0,1,IVC201,,
"DT",04/03/22,14,14:04:43,248168.4,248168,Cut Bench Program,NOBLE HEATHERS 695 NIGHT JAR 4M A/B,3.35,1,1,0,BAL601,,
"DT",04/03/22,14,14:07:48,249503.1,249503,Cut Bench Program,HARRIS HEATHERS 74 4M A/B,5.70,1,1,0,CON801,,
"DT",04/03/22,14,14:11:31,248845.2,248845,Cut Bench Program,NOBLE HEATHERS 945 GULL GREY 4M FELT,5.03,1,1,0,BAL601,,
"DT",04/03/22,14,14:14:59,240729.2,240729,Cut Bench Program,HERMES AVEIRO 599 2M,1.70,1,1,0,IVC201,,
"DT",04/03/22,14,14:18:42,244775.5,244775,Cut Bench Program,GATSBY CASTLETON 904M 3M,3.51,1,1,0,JUT101,,
"DT",04/03/22,14,14:20:27,,244775,Remeasure,GATSBY CASTLETON 904M 3M,0.00,1,0,1,JUT101,,
"DT",04/03/22,14,14:22:49,249338.1,249338,Cut Bench Program,GATSBY CAMEO 060S 4M,3.20,1,1,0,JUT101,,
"DT",04/03/22,14,14:26:02,247454.8,247454,Cut Bench Program,HERMES BELLAGGIO 591 2M,2.03,1,1,0,IVC201,,
"DT",04/03/22,14,14:29:26,248974.1,248974,Cut Bench Program,INFINITY GRASS AKINA 5010 20MM 4M,9.00,1,1,0,CLA201,,
"DT",04/03/22,14,14:34:23,244888.8,244888,Cut Bench Program,GATSBY CASTLETON 904M 2M,2.00,1,1,0,JUT101,FL190,Flanagan Flooring Ireland
"DT",04/03/22,14,14:35:53,,244888,Remeasure,GATSBY CASTLETON 904M 2M,0.00,1,0,1,JUT101,,
"DT",04/03/22,15,15:10:25,248221.9,248221,Cut Bench Program,FAIRMONT 76 4M A/B,2.82,1,1,0,CON801,FL190,Flanagan Flooring Ireland
"DT",04/03/22,15,15:19:03,247576.3,247576,Cut Bench Program,HIGH LIFE 920 SILVER CLOUD 4M FELT,3.43,1,1,0,BAL601,,
"DT",04/03/22,15,15:39:05,247460.4,247460,Cut Bench Program,JURA HEATHERS F/B 275 4M,4.27,1,1,0,CON801,,
"DT",04/03/22,15,15:40:21,247460.5,247460,Cut Bench Program,JURA HEATHERS F/B 275 4M,3.43,1,1,0,CON801,,
"DT",04/03/22,15,15:41:29,247460.6,247460,Cut Bench Program,JURA HEATHERS F/B 275 4M,2.75,1,1,0,CON801,,
"DT",04/03/22,15,15:42:09,247460.7,247460,Cut Bench Program,JURA HEATHERS F/B 275 4M,4.27,1,1,0,CON801,,
"DT",04/03/22,15,15:43:47,,247460,Remeasure,JURA HEATHERS F/B 275 4M,0.00,1,0,1,CON801,,
"DT",04/03/22,16,16:09:37,240694.6,240694,Cut Bench Program,ARTEMIS ALFERRO 593 3M,2.75,1,1,0,IVC201,,
"DT",04/03/22,16,16:11:05,240694.7,240694,Cut Bench Program,ARTEMIS ALFERRO 593 3M,2.36,1,1,0,IVC201,,
"DT",04/03/22,16,16:15:13,243529.7,243529,Cut Bench Program,SOFT NOBLE FELT 610 SNOWDROP 4M,3.12,1,1,0,BAL601,,
"DT",04/03/22,16,16:52:27,247606.1,247606,Cut Bench Program,EMPEROR 67 MID BEIGE 4M FELT,3.81,1,1,0,BET101,,
"DT",04/03/22,16,16:53:53,247606.2,247606,Cut Bench Program,EMPEROR 67 MID BEIGE 4M FELT,4.88,1,1,0,BET101,,
"DT",04/03/22,16,16:55:01,247606.3,247606,Cut Bench Program,EMPEROR 67 MID BEIGE 4M FELT,2.29,1,1,0,BET101,,
,,,,,,,,,--------,--------,--------
"DT",04/03/22,,,,,,,,125,107,18
"DT",07/03/22,08,08:11:30,248758.4,248758,Cut Bench Program,ARTEMIS ALASKA 536 4M,4.43,1,1,0,IVC201,FL190,Flanagan Flooring Ireland
"DT",07/03/22,08,08:16:12,249190.2,249190,Cut Bench Program,POWERTEX BARCELONA 571 4M,1.50,1,1,0,IVC201,,
"DT",07/03/22,08,08:19:52,248700.5,248700,Cut Bench Program,ARTEMIS TAVEL 571 2M,2.21,1,1,0,IVC201,,
"DT",07/03/22,08,08:21:25,,248700,Remeasure,ARTEMIS TAVEL 571 2M,0.00,1,0,1,IVC201,,
"DT",07/03/22,08,08:27:47,242140.8,242140,Cut Bench Program,INFINITY GRASS AKINA 5010 20MM 4M,4.50,1,1,0,CLA201,,
"DT",07/03/22,08,08:30:05,,242140,Remeasure,INFINITY GRASS AKINA 5010 20MM 4M,0.00,1,0,1,CLA201,,
"DT",07/03/22,08,08:32:55,245460.1,245460,Cut Bench Program,OLYMPUS SINTRA 583 3M,15.00,1,1,0,IVC201,,
"DT",07/03/22,08,08:35:53,247881.2,247881,Cut Bench Program,JURA HEATHERS F/B 85 4M,4.50,1,1,0,CON801,,
"DT",07/03/22,08,08:39:07,245550.7,245550,Cut Bench Program,GLADIATOR BOLIVIA 593 2M,3.00,1,1,0,IVC201,,
"DT",07/03/22,08,08:42:10,248401.2,248401,Cut Bench Program,ORION PURE OAK 160M 4M,4.00,1,1,0,BIG201,,
"DT",07/03/22,08,08:45:05,246896.6,246896,Cut Bench Program,SUPERIOR TWIST 69 4M A/B,3.35,1,1,0,CON801,,
"DT",07/03/22,08,08:46:20,,246896,Remeasure,SUPERIOR TWIST 69 4M A/B,0.00,1,0,1,CON801,,
"DT",07/03/22,08,08:49:12,244937.2,244937,Cut Bench Program,VINTAGE OAK COLL SILK OAK 147M 4M,5.56,1,1,0,BIG201,,
"DT",07/03/22,08,08:50:31,244937.3,244937,Cut Bench Program,VINTAGE OAK COLL SILK OAK 147M 4M,2.44,1,1,0,BIG201,,
"DT",07/03/22,08,08:54:17,248303.2,248303,Cut Bench Program,VINTAGE OAK COLL LAUREL OAK 162M 4M,9.00,1,1,0,BIG201,,
"DT",07/03/22,09,09:30:29,249170.2,249170,Cut Bench Program,OLYMPUS POMPEI 597 3M,2.59,1,1,0,IVC201,,
"DT",07/03/22,09,09:34:41,248513.2,248513,Cut Bench Program,CLASSIC CHARM 720 5M A/B,5.20,1,1,0,BAL601,,
"DT",07/03/22,09,09:36:02,243608.3,243608,Cut Bench Program,AVIEMORE TWIST 190 GUNMETAL 4M A/B,2.60,1,1,0,CON801,,
"DT",07/03/22,09,09:45:48,248137.2,248137,Cut Bench Program,SOFT NOBLE FELT 920 LONDON DOVE 4M,3.43,1,1,0,BAL601,,
"DT",07/03/22,09,09:46:49,248137.3,248137,Cut Bench Program,SOFT NOBLE FELT 920 LONDON DOVE 4M,2.82,1,1,0,BAL601,,
"DT",07/03/22,10,10:37:29,249424.1,249424,Cut Bench Program,AIM HIGH 875 MOCHA 4M FELT,3.35,1,1,0,BAL601,,
"DT",07/03/22,10,10:42:42,244677.6,244677,Cut Bench Program,AVIEMORE TWIST 72 NATURAL 4M A/B,3.80,1,1,0,CON801,,
"DT",07/03/22,10,10:46:17,249947.1,249947,Cut Bench Program,VINTAGE OAK COLL LIME OAK 621L 4M,3.81,1,1,0,BIG201,,
"DT",07/03/22,10,10:48:22,249947.2,249947,Cut Bench Program,VINTAGE OAK COLL LIME OAK 621L 4M,3.56,1,1,0,BIG201,,
"DT",07/03/22,10,10:50:53,249966.1,249966,Cut Bench Program,ORION HOLLY OAK 001S 2M,3.40,1,1,0,BIG201,,
"DT",07/03/22,10,10:55:01,248324.3,248324,Cut Bench Program,VINTAGE OAK COLL LIME OAK 976M 4M,4.15,1,1,0,BIG201,,
"DT",07/03/22,10,10:56:49,248324.4,248324,Cut Bench Program,VINTAGE OAK COLL LIME OAK 976M 4M,,1,1,0,BIG201,,
"DT",07/03/22,11,11:00:12,249308.2,249308,Cut Bench Program,ROCKEFELLER POLPERRO 190L 3M,1.75,1,1,0,JUT101,,
"DT",07/03/22,11,11:01:17,249308.3,249308,Cut Bench Program,ROCKEFELLER POLPERRO 190L 3M,3.35,1,1,0,JUT101,,
"DT",07/03/22,11,11:06:10,246059.3,246059,Cut Bench Program,PARADISE 73 4M A/B,2.90,1,1,0,BET101,,
"DT",07/03/22,11,11:07:32,246059.4,246059,Cut Bench Program,PARADISE 73 4M A/B,4.30,1,1,0,BET101,,
"DT",07/03/22,11,11:09:21,246059.5,246059,Cut Bench Program,PARADISE 73 4M A/B,3.35,1,1,0,BET101,,
"DT",07/03/22,11,11:12:27,247872.4,247872,Cut Bench Program,HARRIS HEATHERS 74 4M A/B,3.66,1,1,0,CON801,,
"DT",07/03/22,11,11:18:53,247511.4,247511,Cut Bench Program,SUPERIOR TWIST 92 5M A/B,7.40,1,1,0,CON801,,
"DT",07/03/22,11,11:27:29,,247511,Remeasure,SUPERIOR TWIST 92 5M A/B,0.00,1,0,1,CON801,,
"DT",07/03/22,11,11:33:55,250018.1,250018,Cut Bench Program,BLISS 92 MID BROWN 4M FELT,7.60,1,1,0,FLA101,,
"DT",07/03/22,11,11:39:25,245697.3,245697,Cut Bench Program,RUSTIC COLL ZURICH 999D 4M,1.83,1,1,0,BIG201,,
"DT",07/03/22,11,11:42:04,245697.4,245697,Cut Bench Program,RUSTIC COLL ZURICH 999D 4M,1.00,1,1,0,BIG201,,
"DT",07/03/22,11,11:44:37,249918.1,249918,Cut Bench Program,ORION SUGAR OAK 997L 3M,4.75,1,1,0,BIG201,,
"DT",07/03/22,11,11:46:08,249918.2,249918,Cut Bench Program,ORION SUGAR OAK 997L 3M,6.20,1,1,0,BIG201,,
"DT",07/03/22,11,11:50:55,246121.6,246121,Cut Bench Program,ROCKEFELLER DEVON 009S 3M,1.52,1,1,0,JUT101,,
"DT",07/03/22,11,11:52:05,,246121,Remeasure,ROCKEFELLER DEVON 009S 3M,0.00,1,0,1,JUT101,,
"DT",07/03/22,11,11:55:04,247183.2,247183,Cut Bench Program,ORION PURE OAK 160M 3M,4.65,1,1,0,BIG201,,
"DT",07/03/22,11,11:56:02,240877.4,240877,Cut Bench Program,CLASSIC CHARM 530 5M A/B,6.00,1,1,0,BAL601,,
"DT",07/03/22,11,11:56:21,247183.3,247183,Cut Bench Program,ORION PURE OAK 160M 3M,2.67,1,1,0,BIG201,,
"DT",07/03/22,12,12:00:27,248401.3,248401,Cut Bench Program,ORION PURE OAK 160M 4M,12.11,1,1,0,BIG201,,
"DT",07/03/22,12,12:02:02,248401.4,248401,Cut Bench Program,ORION PURE OAK 160M 4M,4.34,1,1,0,BIG201,,
"DT",07/03/22,12,12:05:21,233343.2,233343,Cut Bench Program,VINTAGE OAK COLL HAVANNA OAK 019S 3M,5.94,1,1,0,BIG201,,
"DT",07/03/22,12,12:06:43,,240877,Remeasure,CLASSIC CHARM 530 5M A/B,0.00,1,0,1,BAL601,,
"DT",07/03/22,12,12:07:54,249983.1,249983,Cut Bench Program,VINTAGE OAK COLL LIME OAK 976M 3M,2.75,1,1,0,BIG201,,
"DT",07/03/22,12,12:12:04,250015.1,250015,Cut Bench Program,GRANITE RIB 73 GREY 4M GEL,6.00,1,1,0,FLA101,,
"DT",07/03/22,12,12:15:19,249489.6,249489,Cut Bench Program,UTOPIA 78 SHADOW 4M A/B,2.50,1,1,0,CON801,,
"DT",07/03/22,12,12:16:43,,249489,Remeasure,UTOPIA 78 SHADOW 4M A/B,0.00,1,0,1,CON801,,
"DT",07/03/22,12,12:18:42,249278.1,249278,Cut Bench Program,ARTEMIS EVORA 594 4M,2.60,1,1,0,IVC201,,
"DT",07/03/22,12,12:25:22,249289.1,249289,Cut Bench Program,ARTEMIS ALASKA 581 4M,3.25,1,1,0,IVC201,,
"DT",07/03/22,12,12:27:27,249289.2,249289,Cut Bench Program,ARTEMIS ALASKA 581 4M,6.25,1,1,0,IVC201,,
"DT",07/03/22,12,12:31:26,249260.1,249260,Cut Bench Program,POWERTEX HELSINKI 597 4M,3.30,1,1,0,IVC201,,
"DT",07/03/22,12,12:34:39,247263.1,247263,Cut Bench Program,OBSESSION SILK 714 SILVER 4M A/B,4.27,1,1,0,MWE101,,
"DT",07/03/22,12,12:36:13,247263.2,247263,Cut Bench Program,OBSESSION SILK 714 SILVER 4M A/B,3.58,1,1,0,MWE101,,
"DT",07/03/22,12,12:39:46,247263.3,247263,Cut Bench Program,OBSESSION SILK 714 SILVER 4M A/B,2.13,1,1,0,MWE101,,
"DT",07/03/22,12,12:44:09,239148.8,239148,Cut Bench Program,DEVOTION SILK 774 EARTH STONE 4M A/B,2.80,1,1,0,MWE101,,
"DT",07/03/22,12,12:46:38,,239148,Remeasure,DEVOTION SILK 774 EARTH STONE 4M A/B,0.00,1,0,1,MWE101,,
"DT",07/03/22,12,12:48:10,249427.4,249427,Cut Bench Program,SOFT SPLENDID 97 4M FELT,2.80,1,1,0,BAL601,,
"DT",07/03/22,12,12:51:37,249500.2,249500,Cut Bench Program,RHAPSODY 75 4M FELT,4.27,1,1,0,CON801,,
"DT",07/03/22,13,13:49:20,248370.1,248370,Cut Bench Program,VINTAGE OAK COLL HAVANNA OAK 696L 3M,6.71,1,1,0,BIG201,,
"DT",07/03/22,13,13:52:31,246647.9,246647,Cut Bench Program,ARTEMIS ALFERRO 593 2M,4.00,1,1,0,IVC201,,
"DT",07/03/22,13,13:54:12,,246647,Remeasure,ARTEMIS ALFERRO 593 2M,0.00,1,0,1,IVC201,,
"DT",07/03/22,13,13:57:08,246039.5,246039,Cut Bench Program,GRANITE RIB 74 GRAPHITE 4M GEL,10.50,1,1,0,BET101,,
"DT",07/03/22,14,14:02:32,,246039,Remeasure,GRANITE RIB 74 GRAPHITE 4M GEL,0.00,1,0,1,BET101,,
"DT",07/03/22,14,14:04:52,243795.3,243795,Cut Bench Program,ARTEMIS ALASKA 536 3M,5.87,1,1,0,IVC201,,
"DT",07/03/22,14,14:08:57,244745.5,244745,Cut Bench Program,HAMPTON COURT 74 4M A/B,4.50,1,1,0,CON801,,
"DT",07/03/22,14,14:11:04,,244745,Remeasure,HAMPTON COURT 74 4M A/B,0.00,1,0,1,CON801,,
"DT",07/03/22,14,14:12:51,248249.4,248249,Cut Bench Program,HAMPTON COURT STRIPE 575 4M A/B,4.27,1,1,0,CON801,,
"DT",07/03/22,14,14:16:12,247451.3,247451,Cut Bench Program,ARTEMIS SORBONNE 591 4M,5.87,1,1,0,IVC201,,
"DT",07/03/22,14,14:17:36,247451.4,247451,Cut Bench Program,ARTEMIS SORBONNE 591 4M,3.13,1,1,0,IVC201,,
"DT",07/03/22,14,14:20:49,249970.1,249970,Cut Bench Program,ORION HOLLY OAK 001S 3M,3.05,1,1,0,BIG201,,
"DT",07/03/22,14,14:21:56,249970.2,249970,Cut Bench Program,ORION HOLLY OAK 001S 3M,4.72,1,1,0,BIG201,,
"DT",07/03/22,14,14:23:51,249970.3,249970,Cut Bench Program,ORION HOLLY OAK 001S 3M,5.33,1,1,0,BIG201,,
"DT",07/03/22,14,14:27:59,247255.4,247255,Cut Bench Program,SUPERIOR TWIST 92 4M A/B,5.87,1,1,0,CON801,,
"DT",07/03/22,14,14:29:15,247255.5,247255,Cut Bench Program,SUPERIOR TWIST 92 4M A/B,2.67,1,1,0,CON801,,
"DT",07/03/22,14,14:30:25,247255.6,247255,Cut Bench Program,SUPERIOR TWIST 92 4M A/B,,1,1,0,CON801,,
"DT",07/03/22,14,14:30:31,,247255,Remeasure,SUPERIOR TWIST 92 4M A/B,0.00,1,0,1,CON801,,
"DT",07/03/22,14,14:34:31,249247.2,249247,Cut Bench Program,HERMES GRANERO 593 4M,6.40,1,1,0,IVC201,,
"DT",07/03/22,14,14:38:17,247422.5,247422,Cut Bench Program,HERMES GRANERO 593 2M,4.88,1,1,0,IVC201,,
"DT",07/03/22,14,14:41:16,250007.1,250007,Cut Bench Program,ORION PATIO 960D 3M,5.56,1,1,0,BIG201,,
"DT",07/03/22,14,14:47:37,249401.1,249401,Cut Bench Program,AFFINITY 975 4M FELT,2.95,1,1,0,BAL601,,
"DT",07/03/22,14,14:48:59,249401.2,249401,Cut Bench Program,AFFINITY 975 4M FELT,2.65,1,1,0,BAL601,,
"DT",07/03/22,14,14:53:07,248517.4,248517,Cut Bench Program,AFFINITY 975 4M FELT,3.00,1,1,0,BAL601,,
"DT",07/03/22,14,14:54:06,,248517,Remeasure,AFFINITY 975 4M FELT,0.00,1,0,1,BAL601,,
"DT",07/03/22,14,14:56:20,249338.2,249338,Cut Bench Program,GATSBY CAMEO 060S 4M,3.81,1,1,0,JUT101,,
"DT",07/03/22,14,14:58:02,249338.3,249338,Cut Bench Program,GATSBY CAMEO 060S 4M,3.51,1,1,0,JUT101,,
"DT",07/03/22,15,15:02:13,248851.1,248851,Cut Bench Program,EAGLE 940 CLOUD BURST 4M FELT,4.88,1,1,0,,,
"DT",07/03/22,15,15:03:26,248851.2,248851,Cut Bench Program,EAGLE 940 CLOUD BURST 4M FELT,4.57,1,1,0,,,
"DT",07/03/22,15,15:08:41,249072.1,249072,Cut Bench Program,EXCELLENCE 92 BRACKEN 4M A/B,6.10,1,1,0,CON801,,
"DT",07/03/22,15,15:12:05,249294.4,249294,Cut Bench Program,ROCKEFELLER TRENTINO 009L 3M,2.25,1,1,0,JUT101,,
"DT",07/03/22,15,15:15:07,249298.5,249298,Cut Bench Program,ROCKEFELLER TRENTINO 907M 3M,5.30,1,1,0,JUT101,,
"DT",07/03/22,15,15:18:02,,249298,Remeasure,ROCKEFELLER TRENTINO 907M 3M,0.00,1,0,1,JUT101,,
"DT",07/03/22,15,15:25:27,248695.11,248695,Cut Bench Program,ARTEMIS EVORA 594 3M,1.68,1,1,0,IVC201,,
"DT",07/03/22,15,15:26:24,,248695,Remeasure,ARTEMIS EVORA 594 3M,0.00,1,0,1,IVC201,,
"DT",07/03/22,15,15:28:34,,240886,Remeasure,CLASSIC CHARM HEATHERS 540 4M A/B,,1,0,1,BAL601,,
"DT",07/03/22,15,15:32:15,239421.1,239421,Cut Bench Program,PARADISE 90 4M A/B,4.30,1,1,0,BET101,,
"DT",07/03/22,15,15:36:47,247583.2,247583,Cut Bench Program,EMPEROR 66 DARK BEIGE 4M FELT,3.20,1,1,0,BET101,,
"DT",07/03/22,15,15:38:27,247583.3,247583,Cut Bench Program,EMPEROR 66 DARK BEIGE 4M FELT,3.70,1,1,0,BET101,,
"DT",07/03/22,15,15:41:30,249092.3,249092,Cut Bench Program,FAIRMONT 273 4M A/B,2.80,1,1,0,CON801,,
"DT",07/03/22,15,15:44:22,247379.3,247379,Cut Bench Program,GLADIATOR SORBONNE 594 3M,2.50,1,1,0,IVC201,,
"DT",07/03/22,15,15:47:28,249365.2,249365,Cut Bench Program,ROCKEFELLER DEVON 909M 4M,4.27,1,1,0,JUT101,,
"DT",07/03/22,15,15:52:44,249993.1,249993,Cut Bench Program,VINTAGE OAK COLL PIN OAK 790M 4M,4.25,1,1,0,BIG201,,
"DT",07/03/22,15,15:56:56,248528.5,248528,Cut Bench Program,THE NOBLE COLL STRIPE 14 FIRE LINE 4M FELT,3.66,1,1,0,BAL601,,
"DT",07/03/22,16,16:04:01,,248528,Remeasure,THE NOBLE COLL STRIPE 14 FIRE LINE 4M FELT,0.00,1,0,1,BAL601,,
"DT",07/03/22,16,16:07:14,249410.2,249410,Cut Bench Program,THE NOBLE COLL STRIPE 74 CAVERN SAND 4M FELT,5.75,1,1,0,BAL601,,
"DT",07/03/22,16,16:10:12,245934.5,245934,Cut Bench Program,HIGH LIFE 910 PEARL RIVER 4M FELT,9.80,1,1,0,BAL601,,
"DT",07/03/22,16,16:21:19,250021.1,250021,Cut Bench Program,ORION SUGAR OAK 997L 2M,1.60,1,1,0,FLA101,,
,,,,,,,,,--------,--------,--------
"DT",07/03/22,,,,,,,,112,95,17
,,,,,,,,,--------,--------,--------
"DT", ,,,,,,,,553,476,77
"EM",04/03/22,09,09:19:09,,237089,Remeasure,AVIEMORE TWIST 94 HAZELNUT 4M A/B,0.00,1,0,1,CON801,,
,,,,,,,,,--------,--------,--------
"EM",04/03/22,,,,,,,,1,0,1
,,,,,,,,,--------,--------,--------
"EM", ,,,,,,,,1,0,1
"LS",02/03/22,11,11:17:42,,249854,Remeasure,NOTTINGHAM 75 4M FELT,0.00,1,0,1,CON801,,
"LS",02/03/22,11,11:17:56,,249848,Remeasure,NOTTINGHAM 75 4M FELT,,1,0,1,CON801,,
"LS",02/03/22,11,11:18:04,,249857,Remeasure,NOTTINGHAM 75 4M FELT,,1,0,1,CON801,,
,,,,,,,,,--------,--------,--------
"LS",02/03/22,,,,,,,,3,0,3
"LS",07/03/22,09,09:40:45,,250021,Remeasure,ORION SUGAR OAK 997L 2M,0.00,1,0,1,FLA101,,
,,,,,,,,,--------,--------,--------
"LS",07/03/22,,,,,,,,1,0,1
,,,,,,,,,--------,--------,--------
"LS", ,,,,,,,,4,0,4
"SDR",07/03/22,09,09:40:26,,243579,Remeasure,THE NOBLE COLL 810 ABBEY STONE 4M FELT,0.00,1,0,1,BAL601,,
,,,,,,,,,--------,--------,--------
"SDR",07/03/22,,,,,,,,1,0,1
,,,,,,,,,--------,--------,--------
"SDR", ,,,,,,,,1,0,1
"ZG",07/03/22,12,12:16:49,,246101,Remeasure,GRANITE RIB 78 ANTHRACITE 4M GEL,0.00,1,0,1,BET101,,
,,,,,,,,,--------,--------,--------
"ZG",07/03/22,,,,,,,,1,0,1
,,,,,,,,,--------,--------,--------
"ZG", ,,,,,,,,1,0,1
,,,,,,,,,========,========,========
,,,,,,,,,563,476,87